date,total_revenue,total_orders,total_items,unique_customers,day_of_week,day_of_month,month,quarter,week_of_year,is_weekend,is_month_start,is_month_end,revenue_lag_1,revenue_lag_7,revenue_lag_14,revenue_lag_30,revenue_rolling_7,revenue_rolling_14,revenue_rolling_30
2010-01-14,23122.09,54,11681,46,3,14,1,1,2,0,0,0,10042.35,7684.45,23121.4,38749.49,13947.524285714286,12955.992857142859,22274.313000000002
2010-01-15,13210.54,44,8369,37,4,15,1,1,2,0,0,0,23122.09,23005.49,11015.33,36880.22,16152.901428571427,12956.042142857143,21753.399666666668
2010-01-17,14425.13,39,8748,35,6,17,1,1,2,1,0,0,13210.54,17165.11,10550.76,38203.32,14753.622857142856,13112.842857142856,20964.410333333337
2010-01-18,9874.41,35,6177,32,0,18,1,1,3,0,0,0,14425.13,14231.01,5865.46,30389.49,14362.197142857143,13389.58357142857,20171.804
2010-01-19,20961.311,45,12495,41,1,19,1,1,3,0,0,0,9874.41,13031.25,8895.42,9803.05,13739.825714285715,13675.937142857143,19487.968
2010-01-20,10962.6,32,7672,29,2,20,1,1,3,0,0,0,20961.311,12473.01,9066.22,24580.72,14872.691571428573,14537.786500000002,19859.910033333337
2010-01-21,20576.92,48,10886,47,3,21,1,1,3,0,0,0,10962.6,10042.35,15236.64,31510.51,14656.918714285714,14673.242214285716,19405.9727
2010-01-22,19540.31,40,11922,38,4,22,1,1,3,0,0,0,20576.92,23122.09,7684.45,34977.5,16161.857285714286,15054.690785714285,19041.5197
2010-01-24,15227.22,49,8547,48,6,24,1,1,3,1,0,0,19540.31,13210.54,23005.49,26821.8,15650.174428571427,15901.537928571428,18526.946699999997
2010-01-25,18145.69,45,9095,44,0,25,1,1,4,0,0,0,15227.22,14425.13,17165.11,32641.12,15938.271571428571,15345.947214285714,18140.4607
2010-01-26,21958.27,76,14038,65,1,26,1,1,4,0,0,0,18145.69,9874.41,14231.01,24150.8,16469.780142857144,15415.988642857144,17657.279700000003
2010-01-27,20500.82,49,14031,45,2,27,1,1,4,0,0,0,21958.27,20961.311,13031.25,20449.98,18196.045857142857,15967.935785714286,17584.195366666667
2010-01-28,18181.43,53,10671,48,3,28,1,1,4,0,0,0,20500.82,10962.6,12473.01,43963.07,18130.26142857143,16501.4765,17585.890033333333
2010-01-29,15138.491,42,8568,35,4,29,1,1,4,0,0,0,18181.43,20576.92,10042.35,31659.04,19161.522857142856,16909.220785714286,16726.502033333334
2010-01-31,17683.39,48,10468,47,6,31,1,1,4,1,0,1,15138.491,19540.31,23122.09,34679.38,18384.604428571427,17273.230857142855,16175.817066666668
2010-02-01,14562.021,52,7914,46,0,1,2,1,5,0,1,0,17683.39,15227.22,13210.54,27386.0,18119.330142857143,16884.752285714287,15609.284066666667
2010-02-02,17546.21,39,9975,33,1,2,2,1,5,0,0,0,14562.021,18145.69,14425.13,23121.4,18024.301714285713,16981.286642857143,15181.8181
2010-02-03,16788.751,44,9321,41,2,3,2,1,5,0,0,0,17546.21,21958.27,9874.41,11015.33,17938.661714285714,17204.220928571427,14995.978433333334
2010-02-04,20170.32,59,10942,51,3,4,2,1,5,0,0,0,16788.751,20500.82,20961.311,10550.76,17200.159,17698.10242857143,15188.4258
2010-02-05,13804.18,37,8613,35,4,5,2,1,5,0,0,0,20170.32,18181.43,10962.6,5865.46,17152.944714285713,17641.60307142857,15509.077800000001
2010-02-07,12258.9,29,8859,29,6,7,2,1,5,1,0,0,13804.18,15138.491,20576.92,8895.42,16527.623285714286,17844.57307142857,15773.7018
2010-02-08,12437.66,48,6960,45,0,8,2,1,6,0,0,0,12258.9,17683.39,19540.31,9066.22,16116.253142857142,17250.428785714284,15885.8178
2010-02-09,17515.02,51,10366,51,1,9,2,1,6,0,0,0,12437.66,14562.021,15227.22,15236.64,15366.863142857143,16743.096642857145,15998.199133333334
2010-02-10,6123.39,27,3088,24,2,10,2,1,6,0,0,0,17515.02,17546.21,18145.69,7684.45,15788.720142857142,16906.510928571428,16074.145133333335
2010-02-11,14519.04,53,8558,47,3,11,2,1,6,0,0,0,6123.39,16788.751,21958.27,23005.49,14156.888714285715,16047.775214285715,16022.1098
2010-02-12,9742.16,28,7333,27,4,12,2,1,6,0,0,0,14519.04,20170.32,20500.82,17165.11,13832.644285714285,15516.401642857145,15739.228133333334
2010-02-14,16331.6,43,10198,38,6,14,2,1,6,1,0,0,9742.16,13804.18,18181.43,14231.01,12342.907142857144,14747.925928571427,15491.796466666665
2010-02-15,22017.111,42,15529,35,0,15,2,1,7,0,0,0,16331.6,12258.9,15138.491,13031.25,12703.967142857142,14615.795214285714,15561.816133333334
2010-02-16,23664.5,58,14081,51,1,16,2,1,7,0,0,0,22017.111,12437.66,17683.39,12473.01,14097.997285714286,15107.125214285714,15861.344833333333
2010-02-17,22076.07,45,14768,41,2,17,2,1,7,0,0,0,23664.5,17515.02,14562.021,10042.35,15701.83157142857,15534.347357142859,16234.3945
2010-02-18,23151.37,61,12874,57,3,18,2,1,7,0,0,0,22076.07,6123.39,17546.21,23122.09,16353.410142857145,16071.065142857144,16635.5185
2010-02-19,11115.34,31,8683,28,4,19,2,1,7,0,0,0,23151.37,14519.04,16788.751,13210.54,18785.978714285713,16471.433714285715,16636.4945
2010-02-21,11477.911,37,5602,34,6,21,2,1,7,1,0,0,11115.34,9742.16,20170.32,14425.13,18299.735857142856,16066.190071428571,16566.6545
2010-02-22,21768.71,45,13207,41,0,22,2,1,8,0,0,0,11477.911,16331.6,13804.18,9874.41,18547.700285714287,15445.303714285712,16468.413866666666
2010-02-23,15946.9,43,9193,41,1,23,2,1,8,0,0,0,21768.71,22017.111,12258.9,20961.311,19324.430285714283,16014.198714285714,16864.890533333335
2010-02-24,24400.421,57,18773,45,2,24,2,1,8,0,0,0,15946.9,23664.5,12437.66,10962.6,18457.257285714284,16277.627285714287,16697.7435
2010-02-25,25783.93,63,15919,55,3,25,2,1,8,0,0,0,24400.421,22076.07,17515.02,20576.92,18562.388857142858,17132.110214285716,17145.670866666667
2010-02-26,12094.391,31,6409,26,4,26,2,1,8,0,0,0,25783.93,23151.37,6123.39,19540.31,19092.083142857144,17722.746642857142,17319.237866666666
2010-02-28,15573.42,53,8279,50,6,28,2,1,8,1,0,1,12094.391,11115.34,14519.04,15227.22,17512.514714285713,18149.246714285713,17071.040566666667
2010-03-01,20637.71,56,18232,48,0,1,3,1,9,0,1,0,15573.42,11477.911,9742.16,18145.69,18149.383285714284,18224.55957142857,17082.580566666664
2010-03-02,20494.65,51,10402,47,1,2,3,1,9,0,0,0,20637.71,21768.71,16331.6,21958.27,19457.926000000003,19002.813142857143,17165.6479
2010-03-03,26848.64,60,17797,53,2,3,3,1,9,0,0,0,20494.65,15946.9,22017.111,20500.82,19275.91742857143,19300.173857142858,17116.860566666666
2010-03-04,28570.36,72,17606,66,3,4,3,1,9,0,0,0,26848.64,24400.421,23664.5,18181.43,20833.30885714286,19645.28307142857,17328.454566666667
2010-03-05,15683.96,56,10662,53,4,5,3,1,9,0,0,0,28570.36,25783.93,22076.07,15138.491,21429.014428571427,19995.70164285714,17674.752233333336
2010-03-07,19230.27,50,10957,46,6,7,3,1,9,1,0,0,15683.96,12094.391,23151.37,17683.39,19986.16157142857,19539.122357142856,17692.934533333333
2010-03-08,18781.94,67,10926,64,0,8,3,1,10,0,0,0,19230.27,15573.42,11115.34,14562.021,21005.57285714286,19259.043785714286,17744.497199999998
2010-03-09,18572.2,52,10437,50,1,9,3,1,10,0,0,0,18781.94,20637.71,11477.911,17546.21,21463.932857142856,19806.65807142857,17885.161166666665
2010-03-10,21948.59,55,14114,46,2,10,3,1,10,0,0,0,18572.2,20494.65,21768.71,16788.751,21168.859999999997,20313.393,17919.360833333332
2010-03-11,16942.88,46,9603,39,3,11,3,1,10,0,0,0,21948.59,26848.64,15946.9,20170.32,21376.565714285716,20326.24157142857,18091.355466666668
2010-03-12,13967.59,34,7644,30,4,12,3,1,10,0,0,0,16942.88,28570.36,24400.421,13804.18,19961.45714285714,20397.382999999998,17983.774133333332
2010-03-14,9032.7,24,4954,22,6,14,3,1,10,1,0,0,13967.59,15683.96,25783.93,12258.9,17875.347142857143,19652.18078571429,17989.221133333336
2010-03-15,17155.551,46,10622,40,0,15,3,1,11,0,0,0,9032.7,19230.27,12094.391,12437.66,16925.167142857143,18455.664357142858,17881.681133333335
2010-03-16,20944.04,43,12202,42,1,16,3,1,11,0,0,0,17155.551,18781.94,15573.42,17515.02,16628.778714285716,18817.175785714287,18038.944166666664
2010-03-17,21791.08,44,15763,40,2,17,3,1,11,0,0,0,20944.04,18572.2,20637.71,6123.39,16937.650142857143,19200.7915,18153.244833333334
2010-03-18,26406.69,78,17105,67,3,18,3,1,11,0,0,0,21791.08,21948.59,20494.65,14519.04,17397.490142857143,19283.17507142857,18675.501166666665
2010-03-19,19164.19,48,11595,44,4,19,3,1,11,0,0,0,26406.69,16942.88,26848.64,9742.16,18034.361571428573,19705.463642857143,19071.75616666667
2010-03-21,18024.38,54,10008,50,6,21,3,1,11,1,0,0,19164.19,13967.59,28570.36,16331.6,18351.69157142857,19156.574357142857,19385.823833333332
2010-03-22,18194.95,52,10221,49,0,22,3,1,12,0,0,0,18024.38,9032.7,15683.96,22017.111,18931.233,18403.29007142857,19442.24983333333
2010-03-23,18478.64,62,10194,56,1,23,3,1,12,0,0,0,18194.95,17155.551,19230.27,23664.5,20240.125857142855,18582.6465,19314.84446666667
2010-03-24,20686.66,65,12282,59,2,24,3,1,12,0,0,0,18478.64,20944.04,18781.94,22076.07,20429.13857142857,18528.958642857142,19141.98246666667
2010-03-25,25259.63,73,14227,66,3,25,3,1,12,0,0,0,20686.66,21791.08,18572.2,23151.37,20392.37,18665.010071428573,19095.6688
2010-03-26,21525.64,53,15456,47,4,26,3,1,12,0,0,0,25259.63,26406.69,21948.59,11115.34,20887.877142857145,19142.683642857144,19165.944133333334
2010-03-28,22318.54,59,14522,56,6,28,3,1,12,1,0,0,21525.64,19164.19,16942.88,11477.911,20190.584285714285,19112.472928571427,19512.954133333333
2010-03-29,15565.38,49,10263,36,0,29,3,1,13,0,0,0,22318.54,18024.38,13967.59,21768.71,20641.205714285716,19496.448642857144,19874.308433333335
2010-03-30,26037.97,66,16111,54,1,30,3,1,13,0,0,0,15565.38,18194.95,9032.7,15946.9,20289.920000000002,19610.5765,19667.53076666667
2010-03-31,23600.27,66,12383,58,2,31,3,1,13,0,0,1,26037.97,18478.64,17155.551,24400.421,21410.351428571426,20825.238642857144,20003.899766666666
2010-04-01,27230.98,74,15764,72,3,1,4,2,13,0,1,0,23600.27,20686.66,20944.04,25783.93,22142.01285714286,21285.575714285715,19977.22806666667
2010-04-06,15651.62,48,9706,45,1,6,4,2,14,0,0,0,27230.98,25259.63,21791.08,12094.391,23076.915714285715,21734.64285714286,20025.463066666667
2010-04-07,23289.39,59,17920,46,2,7,4,2,14,0,0,0,15651.62,21525.64,26406.69,15573.42,21704.342857142856,21296.110000000004,20144.037366666667
2010-04-08,29115.06,79,20556,68,3,8,4,2,14,0,0,0,23289.39,22318.54,19164.19,20637.71,21956.307142857146,21073.445714285714,20401.236366666668
2010-04-09,13199.89,32,7833,31,4,9,4,2,14,0,0,0,29115.06,15565.38,18024.38,20494.65,22927.238571428574,21784.222142857147,20683.814700000003
2010-04-11,17409.76,42,10014,40,6,11,4,2,14,1,0,0,13199.89,26037.97,18194.95,26848.64,22589.31142857143,21439.615714285716,20440.656033333333
2010-04-12,20289.041,42,10645,35,0,12,4,2,15,0,0,0,17409.76,23600.27,18478.64,28570.36,21356.71,21383.530714285713,20126.0267
2010-04-13,19463.88,48,12291,42,1,13,4,2,15,0,0,0,20289.041,27230.98,20686.66,15683.96,20883.677285714286,21512.845071428572,19849.982733333334
2010-04-14,24433.78,43,14773,39,2,14,4,2,15,0,0,0,19463.88,15651.62,25259.63,19230.27,19774.091571428573,21425.503642857144,19975.98006666667
2010-04-15,19045.19,64,10405,57,3,15,4,2,15,0,0,0,24433.78,23289.39,21525.64,18781.94,21028.685857142857,21366.514357142856,20149.4304
2010-04-16,15270.24,36,12232,35,4,16,4,2,15,0,0,0,19045.19,29115.06,22318.54,18572.2,20422.37157142857,21189.339357142857,20158.2054
2010-04-18,22136.28,54,12252,43,6,18,4,2,15,1,0,0,15270.24,13199.89,15565.38,21948.59,18444.540142857142,20685.889357142856,20048.140066666667
2010-04-19,22633.03,60,13905,43,0,19,4,2,16,0,0,0,22136.28,17409.76,26037.97,16942.88,19721.167285714288,21155.23935714286,20054.3964
2010-04-20,20160.93,62,11874,53,1,20,4,2,16,0,0,0,22633.03,20289.041,23600.27,13967.59,20467.348714285712,20912.029357142856,20244.068066666667
2010-04-21,21833.93,56,11350,48,2,21,4,2,16,0,0,0,20160.93,19463.88,27230.98,9032.7,20449.04714285714,20666.362214285713,20450.512733333333
2010-04-22,28124.11,73,17024,66,3,22,4,2,16,0,0,0,21833.93,24433.78,15651.62,17155.551,20787.625714285714,20280.858642857143,20877.2204
2010-04-23,14577.28,51,9387,43,4,23,4,2,16,0,0,0,28124.11,19045.19,23289.39,20944.04,21314.815714285713,21171.750785714285,21242.839033333337
2010-04-25,16565.32,46,8319,44,6,25,4,2,16,1,0,0,14577.28,15270.24,29115.06,21791.08,20676.54285714286,20549.457214285714,21030.613699999998
2010-04-26,20737.24,70,11831,65,0,26,4,2,17,0,0,0,16565.32,22136.28,13199.89,26406.69,20861.554285714286,19653.047214285714,20856.421700000003
2010-04-27,31465.26,72,18730,63,1,27,4,2,17,0,0,0,20737.24,22633.03,17409.76,19164.19,20661.691428571427,20191.429357142857,20667.440033333332
2010-04-28,29488.26,69,18045,61,2,28,4,2,17,0,0,0,31465.26,20160.93,20289.041,18024.38,21923.43857142857,21195.393642857143,21077.475700000003
2010-04-29,27964.801,76,15909,71,3,29,4,2,17,0,0,0,29488.26,21833.93,19463.88,18194.95,23255.914285714283,21852.480714285713,21459.605033333337
2010-04-30,14634.6,40,8590,35,4,30,4,2,17,0,0,1,27964.801,28124.11,24433.78,18478.64,24131.752999999997,22459.68935714286,21785.266733333334
2010-05-02,11755.33,39,5857,38,6,2,5,2,17,1,0,0,14634.6,14577.28,19045.19,20686.66,22204.68014285714,21759.747928571425,21657.132066666665
2010-05-04,17368.24,46,9933,42,1,4,5,2,18,0,0,0,11755.33,16565.32,15270.24,25259.63,21801.544428571426,21239.04364285714,21359.421066666666
2010-05-05,20439.88,64,12742,55,2,5,5,2,18,0,0,0,17368.24,20737.24,22136.28,21525.64,21916.247285714286,21388.900785714282,21096.374733333338
2010-05-06,38206.35,74,24642,67,3,6,5,2,18,0,0,0,20439.88,31465.26,22633.03,22318.54,21873.767285714286,21267.729357142856,21060.182733333335
2010-05-07,25629.85,56,19195,46,4,7,5,2,18,0,0,0,38206.35,29488.26,20160.93,15565.38,22836.780142857144,22380.109357142854,21589.7764
2010-05-09,22768.29,62,11871,52,6,9,5,2,18,1,0,0,25629.85,27964.801,21833.93,26037.97,22285.578714285715,22770.7465,21925.258733333332
2010-05-10,21943.96,67,12349,63,0,10,5,2,19,0,0,0,22768.29,14634.6,28124.11,23600.27,21543.22,22837.4865,21816.2694
2010-05-11,24621.47,61,16895,58,1,11,5,2,19,0,0,0,21943.96,11755.33,14577.28,27230.98,22587.414285714283,22396.047214285714,21761.059066666665
2010-05-12,23333.67,62,18048,49,2,12,5,2,19,0,0,0,24621.47,17368.24,16565.32,15651.62,24425.434285714287,23113.489357142855,21674.075399999998
2010-05-13,21161.65,61,12060,58,3,13,5,2,19,0,0,0,23333.67,20439.88,20737.24,23289.39,25277.63857142857,23596.94292857143,21930.143733333334
2010-05-14,14211.25,39,10479,35,4,14,5,2,19,0,0,0,21161.65,38206.35,31465.26,29115.06,25380.74857142857,23627.257928571427,21859.21906666667
2010-05-16,17407.59,44,10536,38,6,16,5,2,19,1,0,0,14211.25,25629.85,29488.26,13199.89,21952.877142857145,22394.82864285714,21362.4254
2010-05-17,18009.9,45,10761,41,0,17,5,2,20,0,0,0,17407.59,22768.29,27964.801,17409.76,20778.268571428573,21531.923642857146,21502.682066666668
2010-05-18,16801.12,55,8419,46,1,18,5,2,20,0,0,0,18009.9,21943.96,14634.6,20289.041,20098.49857142857,20820.859285714283,21522.686733333336
2010-05-19,15606.3,57,8970,55,2,19,5,2,20,0,0,0,16801.12,24621.47,11755.33,19463.88,19363.807142857146,20975.610714285718,21406.4227
2010-05-20,23761.43,64,14613,55,3,20,5,2,20,0,0,0,15606.3,23333.67,17368.24,24433.78,18075.925714285717,21250.68,21277.836699999996
2010-05-21,15843.22,43,7461,38,4,21,5,2,20,0,0,0,23761.43,21161.65,20439.88,19045.19,18137.034285714286,21707.33642857143,21255.425033333337
2010-05-23,24930.77,48,13846,41,6,23,5,2,20,1,0,0,15843.22,14211.25,38206.35,15270.24,17377.25857142857,21379.00357142857,21148.6927
2010-05-24,22428.96,67,15040,61,0,24,5,2,21,0,0,0,24930.77,17407.59,25629.85,22136.28,18908.618571428575,20430.747857142855,21470.710366666666
2010-05-25,19900.52,56,13809,51,1,25,5,2,21,0,0,0,22428.96,18009.9,22768.29,22633.03,19625.957142857143,20202.11285714286,21480.466366666664
2010-05-26,25431.39,67,16836,63,2,26,5,2,21,0,0,0,19900.52,16801.12,21943.96,20160.93,19896.045714285716,19997.272142857142,21389.382700000002
2010-05-27,28041.56,83,17115,77,3,27,5,2,21,0,0,0,25431.39,15606.3,24621.47,21833.93,21128.941428571427,20246.374285714286,21565.0647
2010-05-28,15982.03,49,10745,43,4,28,5,2,21,0,0,0,28041.56,23761.43,23333.67,28124.11,22905.407142857144,20490.66642857143,21771.9857
2010-05-30,10784.46,31,6255,30,6,30,5,2,21,1,0,0,15982.03,15843.22,21161.65,14577.28,21794.064285714285,19965.549285714285,21367.249699999997
2010-06-01,12593.46,36,7684,33,1,1,6,2,22,0,1,0,10784.46,24930.77,14211.25,16565.32,21071.384285714284,19224.321428571428,21240.82236666667
2010-06-02,11748.95,39,9291,35,2,2,6,2,22,0,0,0,12593.46,22428.96,17407.59,20737.24,19308.911428571428,19108.764999999996,21108.427033333333
2010-06-03,23462.1,62,14482,52,3,3,6,2,22,0,0,0,11748.95,19900.52,18009.9,31465.26,17783.195714285717,18704.57642857143,20808.817366666666
2010-06-04,9322.74,33,5456,29,4,4,6,2,22,0,0,0,23462.1,25431.39,16801.12,29488.26,18291.992857142857,19094.019285714287,20542.04536666667
2010-06-06,25482.48,68,13996,62,6,6,6,2,22,1,0,0,9322.74,28041.56,15606.3,27964.801,15990.757142857143,18559.84928571429,19869.861366666668
2010-06-07,30645.43,96,19088,80,0,7,6,2,23,0,0,0,25482.48,15982.03,23761.43,14634.6,15625.174285714285,19265.290714285715,19787.117333333335
2010-06-08,22851.97,67,13113,59,1,8,6,2,23,0,0,0,30645.43,10784.46,15843.22,11755.33,17719.945714285714,19757.005,20320.811666666665
2010-06-09,22305.6,59,15749,56,2,9,6,2,23,0,0,0,22851.97,12593.46,24930.77,17368.24,19443.875714285714,20257.63,20690.69966666667
2010-06-10,17588.84,61,9485,55,3,10,6,2,23,0,0,0,22305.6,11748.95,22428.96,20439.88,20831.324285714283,20070.117857142857,20855.278333333332
2010-06-11,25923.86,67,17729,59,4,11,6,2,23,0,0,0,17588.84,23462.1,19900.52,38206.35,21665.594285714287,19724.395,20760.243666666665
2010-06-13,20721.72,68,10858,61,6,13,6,2,23,1,0,0,25923.86,9322.74,25431.39,25629.85,22017.274285714288,20154.63357142857,20350.82733333333
2010-06-14,18226.91,47,12366,44,0,14,6,2,24,0,0,0,20721.72,25482.48,28041.56,22768.29,23645.7,19818.22857142857,20187.222999999998
2010-06-15,21177.08,46,16599,41,1,15,6,2,24,0,0,0,18226.91,30645.43,15982.03,21943.96,22609.190000000002,19117.182142857142,20035.843666666664
2010-06-16,25818.42,76,17004,65,2,16,6,2,24,0,0,0,21177.08,22851.97,10784.46,24621.47,21256.568571428572,19488.257142857146,20010.281000000003
2010-06-17,22301.98,68,12945,61,3,17,6,2,24,0,0,0,25818.42,22305.6,12593.46,23333.67,21680.347142857143,20562.11142857143,20050.179333333333
2010-06-18,13254.22,46,7213,43,4,18,6,2,24,0,0,0,22301.98,17588.84,11748.95,21161.65,21679.829999999998,21255.577142857142,20015.789666666664
2010-06-20,6869.53,25,3494,25,6,20,6,2,24,1,0,0,13254.22,25923.86,23462.1,14211.25,21060.59857142857,21363.096428571433,19752.208666666666
2010-06-21,17054.1,43,10801,40,0,21,6,2,25,0,0,0,6869.53,20721.72,9322.74,17407.59,18338.551428571427,20177.912857142856,19507.484666666664
2010-06-22,12431.13,41,6359,36,1,22,6,2,25,0,0,0,17054.1,18226.91,25482.48,18009.9,17814.605714285713,20730.152857142857,19495.701666666668
2010-06-23,17687.74,56,11883,51,2,23,6,2,25,0,0,0,12431.13,21177.08,30645.43,16801.12,16986.63714285714,19797.91357142857,19309.742666666665
2010-06-24,17268.73,47,9461,42,3,24,6,2,25,0,0,0,17687.74,25818.42,22851.97,15606.3,16488.16,18872.364285714288,19339.29666666667
2010-06-25,11719.04,38,6503,35,4,25,6,2,25,0,0,0,17268.73,22301.98,22305.6,23761.43,15266.775714285714,18473.56142857143,19394.711000000003
2010-06-27,16877.72,55,8946,52,6,27,6,2,25,1,0,0,11719.04,13254.22,17588.84,15843.22,13754.927142857141,17717.378571428573,18993.298
2010-06-28,28571.51,66,19665,62,0,28,6,2,26,0,0,0,16877.72,6869.53,25923.86,24930.77,14272.569999999998,17666.58428571429,19027.781333333336
2010-06-29,26263.88,67,16445,55,1,29,6,2,26,0,0,0,28571.51,17054.1,20721.72,22428.96,17372.852857142858,17855.702142857142,19149.139333333336
2010-06-30,26403.07,73,17663,66,2,30,6,2,26,0,0,1,26263.88,12431.13,18226.91,19900.52,18688.535714285714,18251.570714285714,19276.970000000005
2010-07-01,28516.45,81,16141,80,3,1,7,3,26,0,1,0,26403.07,17687.74,21177.08,25431.39,20684.527142857143,18835.58214285714,19493.721666666668
2010-07-02,15989.83,43,8571,35,4,2,7,3,26,0,0,0,28516.45,17268.73,25818.42,28041.56,22231.485714285718,19359.82285714286,19596.556999999997
2010-07-04,8421.26,21,5033,20,6,4,7,3,26,1,0,0,15989.83,11719.04,22301.98,15982.03,22048.785714285714,18657.780714285713,19194.832666666665
2010-07-05,28304.99,79,15071,63,0,5,7,3,27,0,0,0,8421.26,16877.72,13254.22,10784.46,21577.674285714285,17666.300714285717,18942.807000000004
2010-07-06,16838.63,54,9899,47,1,6,7,3,27,0,0,0,28304.99,28571.51,6869.53,12593.46,23210.141428571427,18741.355714285713,19526.824666666667
2010-07-07,22237.26,56,12281,54,2,7,7,3,27,0,0,0,16838.63,26263.88,17054.1,11748.95,21534.015714285717,19453.434285714287,19668.330333333335
2010-07-08,18367.57,64,11589,58,3,8,7,3,27,0,0,0,22237.26,26403.07,12431.13,23462.1,20958.784285714286,19823.66,20017.94066666667
2010-07-09,9148.56,24,6028,23,4,9,7,3,27,0,0,0,18367.57,28516.45,17687.74,9322.74,19810.855714285713,20247.691428571427,19848.123
2010-07-11,7475.86,25,5152,23,6,11,7,3,27,1,0,0,9148.56,15989.83,17268.73,25482.48,17044.014285714286,19637.75,19842.317
2010-07-12,14634.64,44,8726,36,0,12,7,3,28,0,0,0,7475.86,8421.26,11719.04,30645.43,15827.732857142857,18938.259285714284,19242.096333333335
2010-07-13,13652.9,44,7399,36,1,13,7,3,28,0,0,0,14634.64,28304.99,16877.72,22851.97,16715.358571428573,19146.516428571427,18708.403333333335
2010-07-14,18463.27,51,10530,46,2,14,7,3,28,0,0,0,13652.9,16838.63,28571.51,22305.6,14622.202857142856,18916.17214285714,18401.767666666663
2010-07-15,20721.44,73,15757,63,3,15,7,3,28,0,0,0,18463.27,22237.26,26263.88,17588.84,14854.294285714286,18194.155000000002,18273.69
2010-07-16,20014.35,61,13756,56,4,16,7,3,28,0,0,0,20721.44,18367.57,26403.07,25923.86,14637.74857142857,17798.26642857143,18378.11
2010-07-18,12648.9,38,8480,36,6,18,7,3,28,1,0,0,20014.35,9148.56,28516.45,20721.72,14873.002857142856,17341.929285714283,18181.126333333334
2010-07-19,26036.92,56,16281,54,0,19,7,3,29,0,0,0,12648.9,7475.86,15989.83,18226.91,15373.051428571427,16208.532857142858,17912.032333333336
2010-07-20,21180.89,53,11062,47,1,20,7,3,29,0,0,0,26036.92,14634.64,8421.26,21177.08,18024.631428571425,16926.182142857142,18172.365999999998
2010-07-21,18012.79,45,12099,41,2,21,7,3,29,0,0,0,21180.89,13652.9,28304.99,25818.42,18959.809999999998,17837.584285714285,18172.493000000002
2010-07-22,18873.8,59,11643,55,3,22,7,3,29,0,0,0,18012.79,18463.27,16838.63,22301.98,19582.65142857143,17102.42714285714,17912.305333333334
2010-07-23,13659.2,37,8859,36,4,23,7,3,29,0,0,0,18873.8,20721.44,22237.26,13254.22,19641.29857142857,17247.79642857143,17798.032666666666
2010-07-25,16505.9,53,11130,50,6,25,7,3,29,1,0,0,13659.2,20014.35,18367.57,6869.53,18632.407142857144,16635.077857142856,17811.532
2010-07-26,18636.71,52,13462,47,0,26,7,3,30,0,0,0,16505.9,12648.9,9148.56,17054.1,18131.2,16502.101428571426,18132.744333333332
2010-07-27,16567.46,61,10074,56,1,27,7,3,30,0,0,0,18636.71,26036.92,7475.86,12431.13,18986.601428571426,17179.82642857143,18185.498
2010-07-28,21891.32,61,12801,58,2,28,7,3,30,0,0,0,16567.46,21180.89,14634.64,17687.74,17633.821428571428,17829.226428571426,18323.375666666667
2010-07-29,21431.57,62,10933,58,3,29,7,3,30,0,0,0,21891.32,18012.79,13652.9,17268.73,17735.31142857143,18347.560714285715,18463.495
2010-07-30,10621.08,42,6898,37,4,30,7,3,30,0,0,0,21431.57,18873.8,18463.27,11719.04,18223.70857142857,18903.18,18602.256333333335
2010-08-01,8740.29,31,4940,26,6,1,8,3,30,1,1,0,10621.08,13659.2,20721.44,16877.72,17044.748571428572,18343.02357142857,18565.657666666666
2010-08-02,17253.39,55,9624,47,0,2,8,3,31,0,0,0,8740.29,16505.9,20014.35,28571.51,16342.047142857144,17487.227142857144,18294.41
2010-08-03,16613.64,46,10169,45,1,3,8,3,31,0,0,0,17253.39,18636.71,12648.9,26263.88,16448.83142857143,17290.015714285713,17917.139333333336
2010-08-04,17023.45,48,10863,47,2,4,8,3,31,0,0,0,16613.64,16567.46,26036.92,26403.07,16159.82142857143,17573.211428571427,17595.464666666663
2010-08-05,20270.19,49,15368,46,3,5,8,3,31,0,0,0,17023.45,21891.32,21180.89,28516.45,16224.962857142858,16929.39214285714,17282.810666666668
2010-08-06,13114.6,32,8966,29,4,6,8,3,31,0,0,0,20270.19,21431.57,18012.79,15989.83,15993.37285714286,16864.342142857142,17007.935333333335
2010-08-08,12751.14,42,8045,40,6,8,8,3,31,1,0,0,13114.6,10621.08,18873.8,8421.26,14805.234285714285,16514.47142857143,16912.094333333334
2010-08-09,17666.76,47,29717,40,0,9,8,3,32,0,0,0,12751.14,8740.29,13659.2,28304.99,15109.528571428571,16077.138571428572,17056.423666666666
2010-08-10,18470.83,38,13300,33,1,10,8,3,32,0,0,0,17666.76,17253.39,16505.9,16838.63,16384.738571428574,16363.392857142857,16701.816
2010-08-11,11163.64,35,6267,33,2,11,8,3,32,0,0,0,18470.83,16613.64,18636.71,22237.26,16558.65857142857,16503.745,16756.222666666665
2010-08-12,22631.19,68,16344,53,3,12,8,3,32,0,0,0,11163.64,17023.45,16567.46,18367.57,15780.087142857144,15969.954285714284,16387.102
2010-08-13,12632.53,38,8649,33,4,13,8,3,32,0,0,0,22631.19,20270.19,21891.32,9148.56,16581.192857142854,16403.077857142856,16529.222666666665
2010-08-15,16405.33,54,11479,50,6,15,8,3,32,1,0,0,12632.53,13114.6,21431.57,7475.86,15490.098571428573,15741.735714285713,16645.355
2010-08-16,13041.34,32,9687,31,0,16,8,3,33,0,0,0,16405.33,12751.14,10621.08,14634.64,15960.202857142858,15382.718571428572,16943.004
2010-08-17,23131.42,43,15604,39,1,17,8,3,33,0,0,0,13041.34,17666.76,8740.29,13652.9,16001.660000000002,15555.594285714285,16889.894
2010-08-18,24092.64,53,17212,47,2,18,8,3,33,0,0,0,23131.42,18470.83,17253.39,18463.27,16782.325714285715,16583.53214285714,17205.844666666664
2010-08-19,23480.88,65,17291,54,3,19,8,3,33,0,0,0,24092.64,11163.64,16613.64,20721.44,17585.44142857143,17072.05,17393.490333333335
2010-08-20,19368.99,55,14817,48,4,20,8,3,33,0,0,0,23480.88,22631.19,17023.45,20014.35,19345.047142857144,17562.567142857144,17485.471666666668
2010-08-22,21423.81,60,13435,51,6,22,8,3,33,1,0,0,19368.99,12632.53,20270.19,12648.9,18879.018571428573,17730.105714285713,17463.959666666666
2010-08-23,19483.92,44,12564,37,0,23,8,3,34,0,0,0,21423.81,16405.33,13114.6,26036.92,20134.915714285715,17812.507142857143,17756.45666666667
2010-08-24,19904.01,57,13968,50,1,24,8,3,34,0,0,0,19483.92,13041.34,12751.14,21180.89,20574.714285714286,18267.45857142857,17538.02333333333
2010-08-25,28376.97,67,16264,60,2,25,8,3,34,0,0,0,19904.01,23131.42,17666.76,18012.79,21555.09571428571,18778.377857142856,17495.46066666667
2010-08-26,26774.27,67,14142,63,3,26,8,3,34,0,0,0,28376.97,24092.64,18470.83,18873.8,22304.46,19543.39285714286,17840.933333333334
2010-08-27,10586.83,31,5914,29,4,27,8,3,34,0,0,0,26774.27,23480.88,11163.64,13659.2,22687.55,20136.495714285713,18104.282333333333
2010-08-29,14183.38,39,8406,36,6,29,8,3,34,1,0,0,10586.83,19368.99,22631.19,16505.9,20845.54285714286,20095.295000000002,18001.870000000003
2010-08-31,16149.52,51,9383,45,1,31,8,3,35,0,0,1,14183.38,21423.81,12632.53,18636.71,20104.74142857143,19491.88,17924.452666666668
2010-09-01,16958.65,37,10012,35,2,1,9,3,35,0,1,0,16149.52,19483.92,16405.33,16567.46,19351.27142857143,19743.09357142857,17841.546333333335
2010-09-02,25600.65,81,17216,73,3,2,9,3,35,0,0,0,16958.65,19904.01,13041.34,21891.32,18990.518571428573,19782.61642857143,17854.586000000003
2010-09-03,18039.27,49,10401,46,4,3,9,3,35,0,0,0,25600.65,28376.97,23131.42,21431.57,19804.324285714283,20679.71,17978.230333333333
2010-09-05,12169.95,34,7143,34,6,5,9,3,35,1,0,0,18039.27,26774.27,24092.64,10621.08,18327.510000000002,20315.984999999997,17865.153666666665
2010-09-06,20030.02,47,11630,39,0,6,9,3,36,0,0,0,12169.95,10586.83,23480.88,8740.29,16241.178571428574,19464.364285714284,17916.78266666667
2010-09-07,17166.0,47,11229,43,1,7,9,3,36,0,0,0,20030.02,14183.38,19368.99,17253.39,17590.205714285716,19217.874285714286,18293.107000000004
2010-09-08,15749.78,48,9753,45,2,8,9,3,36,0,0,0,17166.0,16149.52,21423.81,16613.64,18016.294285714284,19060.51785714286,18290.194000000003
2010-09-09,22889.8,63,12858,59,3,9,9,3,36,0,0,0,15749.78,16958.65,19483.92,17023.45,17959.18857142857,18655.23,18261.398666666664
2010-09-10,14831.45,42,8721,37,4,10,9,3,36,0,0,0,22889.8,25600.65,19904.01,20270.19,18806.495714285713,18898.507142857143,18456.94366666667
2010-09-12,15762.29,48,9409,46,6,12,9,3,36,1,0,0,14831.45,18039.27,28376.97,13114.6,17268.038571428573,18536.181428571428,18275.65233333333
2010-09-13,21156.0,60,16162,49,0,13,9,3,37,0,0,0,15762.29,12169.95,26774.27,12751.14,16942.755714285715,17635.132857142857,18363.908666666666
2010-09-14,19100.44,61,11035,55,1,14,9,3,37,0,0,0,21156.0,20030.02,10586.83,17666.76,18226.477142857144,17233.827857142856,18644.070666666667
2010-09-15,27284.13,64,18688,61,2,15,9,3,37,0,0,0,19100.44,17166.0,14183.38,18470.83,18093.68,17841.942857142858,18691.86
2010-09-16,25293.041,65,13971,51,3,16,9,3,37,0,0,0,27284.13,15749.78,16149.52,11163.64,19539.127142857145,18777.710714285717,18985.636666666665
2010-09-17,16489.55,42,10038,40,4,17,9,3,37,0,0,0,25293.041,22889.8,16958.65,22631.19,20902.450142857146,19430.81935714286,19456.616700000002
2010-09-19,22207.94,57,13262,54,6,19,9,3,37,1,0,0,16489.55,14831.45,25600.65,12632.53,19988.128714285715,19397.312214285714,19251.895366666664
2010-09-20,31086.72,70,19231,57,0,20,9,3,38,0,0,0,22207.94,15762.29,18039.27,16405.33,21041.913,19154.975785714287,19571.0757
2010-09-21,44390.65,97,29826,74,1,21,9,3,38,0,0,0,31086.72,21156.0,12169.95,13041.34,23231.117285714285,20086.936500000003,20060.455366666665
2010-09-22,19603.38,62,11452,36,2,22,9,3,38,0,0,0,44390.65,19100.44,20030.02,23131.42,26550.353,22388.41507142857,21105.432366666668
2010-09-23,33666.54,81,20396,72,3,23,9,3,38,0,0,0,19603.38,27284.13,17166.0,24092.64,26622.201571428574,22357.940785714283,20987.831033333332
2010-09-24,30430.33,54,18205,44,4,24,9,3,38,0,0,0,33666.54,25293.041,15749.78,23480.88,27533.97442857143,23536.550785714287,21306.961033333333
2010-09-26,20532.37,61,13146,51,6,26,9,3,38,1,0,0,30430.33,16489.55,22889.8,19368.99,28267.872857142855,24585.1615,21538.609366666667
2010-09-27,40639.59,78,43720,62,0,27,9,3,39,0,0,0,20532.37,22207.94,14831.45,21423.81,28845.41857142857,24416.773642857144,21577.3887
2010-09-28,38629.31,109,21640,91,1,28,9,3,39,0,0,0,40639.59,31086.72,15762.29,19483.92,31478.511428571426,26260.212214285715,22217.9147
2010-09-29,31755.72,91,19049,81,2,29,9,3,39,0,0,0,38629.31,44390.65,21156.0,19904.01,32556.024285714284,27893.570785714284,22856.094366666668
2010-09-30,34953.55,77,21630,72,3,30,9,3,39,0,0,1,31755.72,19603.38,19100.44,28376.97,30751.034285714286,28650.69364285714,23251.151366666665
2010-10-01,21564.94,60,14163,53,4,1,10,4,39,0,1,0,34953.55,33666.54,27284.13,26774.27,32943.91571428571,29783.058642857144,23470.370700000003
2010-10-03,35185.41,75,19697,64,6,3,10,4,39,1,0,0,21564.94,30430.33,25293.041,10586.83,31215.115714285716,29374.545071428573,23296.726366666666
2010-10-04,32579.19,74,21708,70,0,4,10,4,40,0,0,0,35185.41,20532.37,16489.55,14183.38,31894.41285714286,30081.14285714286,24116.679033333334
2010-10-05,43690.69,113,29935,99,1,5,10,4,40,0,0,0,32579.19,40639.59,22207.94,16149.52,33615.387142857144,31230.402857142857,24729.8727
2010-10-06,24019.98,57,16732,56,2,6,10,4,40,0,0,0,43690.69,38629.31,31086.72,16958.65,34051.258571428574,32764.885000000002,25647.9117
2010-10-07,42780.58,109,26308,91,3,7,10,4,40,0,0,0,24019.98,31755.72,44390.65,25600.65,31964.21142857143,32260.117857142854,25883.289366666668
2010-10-08,32422.31,62,21221,55,4,8,10,4,40,0,0,0,42780.58,34953.55,19603.38,18039.27,33539.19142857143,32145.11285714286,26455.953700000002
2010-10-10,22747.98,67,12330,59,6,10,10,4,40,1,0,0,32422.31,21564.94,33666.54,12169.95,33177.58571428572,33060.750714285714,26935.38836666667
2010-10-11,33655.31,82,20089,76,0,11,10,4,41,0,0,0,22747.98,35185.41,30430.33,20030.02,33346.59142857143,32280.853571428568,27287.989366666665
2010-10-12,37195.49,100,23200,91,1,12,10,4,41,0,0,0,33655.31,32579.19,20532.37,17166.0,33128.00571428571,32511.209285714285,27742.165699999998
2010-10-13,42711.93,80,33752,74,2,13,10,4,41,0,0,0,37195.49,43690.69,40639.59,15749.78,33787.47714285715,33701.43214285715,28409.815366666662
2010-10-14,42788.72,91,24032,77,3,14,10,4,41,0,0,0,42711.93,24019.98,38629.31,22889.8,33647.654285714285,33849.45642857143,29308.5537
2010-10-15,34631.22,91,19986,78,4,15,10,4,41,0,0,0,42788.72,42780.58,31755.72,14831.45,36328.90285714286,34146.55714285714,29971.851033333332
2010-10-17,29370.05,69,18046,61,6,17,10,4,41,1,0,0,34631.22,32422.31,34953.55,15762.29,35164.70857142857,34351.950000000004,30631.84336666667
2010-10-18,30577.68,93,16095,86,0,18,10,4,42,0,0,0,29370.05,22747.98,21564.94,21156.0,34728.671428571426,33953.12857142857,31085.435366666665
2010-10-19,30666.5,72,21018,64,1,19,10,4,42,0,0,0,30577.68,33655.31,35185.41,19100.44,35847.2,34596.89571428572,31399.49136666667
2010-10-20,35028.8,99,20792,86,2,20,10,4,42,0,0,0,30666.5,37195.49,32579.19,27284.13,35420.22714285714,34274.116428571426,31785.0267
2010-10-21,28754.83,86,14547,75,3,21,10,4,42,0,0,0,35028.8,42711.93,43690.69,25293.041,35110.7,34449.08857142857,32043.182366666668
2010-10-22,26770.03,75,13246,66,4,22,10,4,42,0,0,0,28754.83,42788.72,24019.98,16489.55,33116.82857142857,33382.241428571426,32158.575333333334
2010-10-24,27801.3,82,15298,74,6,24,10,4,42,1,0,0,26770.03,34631.22,42780.58,22207.94,30828.444285714282,33578.673571428575,32501.257999999998
2010-10-25,23162.75,69,12537,63,0,25,10,4,43,0,0,0,27801.3,29370.05,32422.31,31086.72,29852.74142857143,32508.725000000002,32687.70333333333
2010-10-26,37816.21,94,22824,84,1,26,10,4,43,0,0,0,23162.75,30577.68,22747.98,44390.65,28965.984285714287,31847.32785714286,32423.571
2010-10-27,28822.75,69,14231,65,2,27,10,4,43,0,0,0,37816.21,30666.5,33655.31,19603.38,30000.06,32923.63,32204.423
2010-10-28,20323.64,55,11238,51,3,28,10,4,43,0,0,0,28822.75,35028.8,37195.49,33666.54,29736.667142857146,32578.447142857145,32511.73533333333
2010-10-29,27862.99,64,15445,58,4,29,10,4,43,0,0,0,20323.64,28754.83,42711.93,30430.33,27635.93,31373.315000000002,32066.972
2010-10-31,28382.21,81,16199,78,6,31,10,4,43,1,0,1,27862.99,26770.03,42788.72,20532.37,27508.524285714284,30312.676428571427,31981.393999999997
2010-11-01,19468.11,51,11442,46,0,1,11,4,44,0,1,0,28382.21,27801.3,34631.22,40639.59,27738.835714285717,29283.640000000003,32243.055333333334
2010-11-02,38583.26,84,21999,78,1,2,11,4,44,0,0,0,19468.11,23162.75,29370.05,38629.31,26548.38,28200.56071428571,31537.339333333333
2010-11-03,32908.7,85,18839,74,2,3,11,4,44,0,0,0,38583.26,37816.21,30577.68,31755.72,28751.309999999998,28858.647142857142,31535.804333333333
2010-11-04,51036.1,119,29840,100,3,4,11,4,44,0,0,0,32908.7,28822.75,30666.5,34953.55,28050.237142857142,29025.148571428574,31574.237
2010-11-05,30800.93,63,15046,55,4,5,11,4,44,0,0,0,51036.1,20323.64,35028.8,21564.94,31223.57285714286,30480.12,32110.322
2010-11-07,31116.3,81,18371,75,6,7,11,4,44,1,0,0,30800.93,27862.99,28754.83,35185.41,32720.32857142857,30178.129285714287,32418.188333333335
2010-11-08,29893.181,75,17903,66,0,8,11,4,45,0,0,0,31116.3,28382.21,26770.03,32579.19,33185.08714285714,30346.80571428571,32282.55133333333
2010-11-09,42060.65,108,23460,96,1,9,11,4,45,0,0,0,29893.181,19468.11,27801.3,43690.69,33400.940142857144,30569.887928571432,32193.017700000004
2010-11-10,42807.96,117,24008,96,2,10,11,4,45,0,0,0,42060.65,38583.26,23162.75,24019.98,36628.445857142855,31588.412928571426,32138.68303333333
2010-11-11,41883.73,114,22133,95,3,11,11,4,45,0,0,0,42807.96,32908.7,37816.21,42780.58,37231.974428571426,32991.64221428571,32764.949033333334
2010-11-12,28177.1,95,17355,79,4,12,11,4,45,0,0,0,41883.73,51036.1,28822.75,32422.31,38514.12157142857,33282.17935714286,32735.054033333334
2010-11-14,27591.41,85,14280,75,6,14,11,4,45,1,0,0,28177.1,30800.93,20323.64,22747.98,35248.550142857144,33236.0615,32593.547033333332
2010-11-15,34493.62,96,18153,82,0,15,11,4,46,0,0,0,27591.41,31116.3,27862.99,33655.31,34790.04728571429,33755.18792857143,32754.9947
2010-11-16,49948.31,102,33755,92,1,16,11,4,46,0,0,0,34493.62,29893.181,28382.21,37195.49,35272.52157142857,34228.80435714286,32782.93836666667
2010-11-17,38727.931,111,24323,96,2,17,11,4,46,0,0,0,49948.31,42060.65,19468.11,42711.93,38137.54,35769.24007142857,33208.032366666666
2010-11-18,32009.38,93,17451,88,3,18,11,4,46,0,0,0,38727.931,42807.96,38583.26,42788.72,37661.43728571428,37144.94157142857,33075.2324
2010-11-19,34378.020000000004,98,19221,88,4,19,11,4,46,0,0,0,32009.38,41883.73,32908.7,34631.22,36118.782999999996,36675.37871428571,32715.921066666666
2010-11-21,32216.6,96,18045,89,6,21,11,4,46,1,0,0,34378.020000000004,28177.1,51036.1,29370.05,35046.538714285714,36780.33014285714,32707.481066666664
2010-11-22,29480.63,87,15484,79,0,22,11,4,47,0,0,0,32216.6,27591.41,30800.93,30577.68,35623.61014285714,35436.08014285714,32802.36606666667
2010-11-23,44868.54,126,23171,111,1,23,11,4,47,0,0,0,29480.63,34493.62,31116.3,30666.5,35893.49871428571,35341.773,32765.797733333333
2010-11-24,33053.93,110,18880,98,2,24,11,4,47,0,0,0,44868.54,49948.31,29893.181,35028.8,37375.630142857146,36324.07585714286,33239.19906666667
2010-11-25,49111.32,144,27466,132,3,25,11,4,47,0,0,0,33053.93,38727.931,42060.65,28754.83,34962.14728571429,36549.843642857144,33173.37006666667
2010-11-26,28279.38,77,14723,71,4,26,11,4,47,0,0,0,49111.32,32009.38,42807.96,26770.03,36445.48857142858,37053.46292857143,33851.91973333333
2010-11-28,25689.66,90,14654,83,6,28,11,4,47,1,0,0,28279.38,34378.020000000004,41883.73,27801.3,35912.63142857143,36015.707214285714,33902.2314
2010-11-29,46797.59,97,29909,88,0,29,11,4,48,0,0,0,25689.66,32216.6,28177.1,23162.75,34671.43714285714,34858.98792857143,33831.8434
2010-11-30,43332.57,114,21988,100,1,30,11,4,48,0,0,1,46797.59,29480.63,27591.41,37816.21,36754.43571428571,36189.02292857143,34619.6714
2010-12-01,70719.86,115,39662,92,2,1,12,4,48,0,1,0,43332.57,44868.54,34493.62,28822.75,38733.28428571428,37313.391500000005,34803.55006666667
2010-12-02,70857.84,129,44376,94,3,2,12,4,48,0,0,0,70719.86,33053.93,49948.31,20323.64,42426.33,39900.980071428574,36200.1204
2010-12-03,38726.86,53,18902,48,4,3,12,4,48,0,0,0,70857.84,49111.32,38727.931,27862.99,47826.88857142858,41394.51792857143,37884.59373333333
2010-12-05,57873.08,84,30350,73,6,5,12,4,48,1,0,0,38726.86,28279.38,32009.38,28382.21,46343.39428571429,41394.44142857143,38246.722733333336
2010-12-06,53571.2,94,29398,82,0,6,12,4,49,0,0,0,57873.08,25689.66,34378.020000000004,19468.11,50571.065714285716,43241.84857142857,39229.75173333333
2010-12-07,44205.44,66,21278,63,1,7,12,4,49,0,0,0,53571.2,46797.59,32216.6,38583.26,54554.142857142855,44612.79,40366.5214
2010-12-08,70646.76,107,37526,95,2,8,12,4,49,0,0,0,44205.44,43332.57,29480.63,32908.7,54183.83571428571,45469.135714285716,40553.92740000001
2010-12-09,59100.04,95,27594,87,3,9,12,4,49,0,0,0,70646.76,70719.86,44868.54,51036.1,58085.862857142856,48409.57357142858,41811.862733333335
2010-12-10,25653.76,70,14300,52,4,10,12,4,49,0,0,0,59100.04,70857.84,33053.93,30800.93,56425.88857142858,49426.10928571429,42080.66073333333
2010-12-12,15845.61,41,8719,40,6,12,12,4,49,1,0,0,25653.76,38726.86,49111.32,31116.3,49968.16285714285,48897.525714285715,41909.0884
2010-12-13,25226.04,63,14131,58,0,13,12,4,50,0,0,0,15845.61,57873.08,28279.38,29893.181,46699.41285714286,46521.40357142857,41400.0654
2010-12-14,26853.8,79,16518,72,1,14,12,4,50,0,0,0,25226.04,53571.2,25689.66,42060.65,42035.549999999996,46303.307857142856,41244.494033333336
2010-12-15,26845.92,69,17678,65,2,15,12,4,50,0,0,0,26853.8,44205.44,46797.59,42807.96,38218.77857142857,46386.46071428571,40737.59903333334
2010-12-16,33732.48,107,21626,96,3,16,12,4,50,0,0,0,26845.92,70646.76,43332.57,41883.73,35738.84714285714,44961.34142857143,40205.53103333334
2010-12-17,17738.26,52,10239,48,4,17,12,4,50,0,0,0,33732.48,59100.04,70719.86,28177.1,30465.37857142857,44275.62071428572,39933.822700000004
2010-12-19,6595.63,18,3323,17,6,19,12,4,50,1,0,0,17738.26,25653.76,70857.84,27591.41,24556.552857142855,40491.22071428572,39585.861366666664
2010-12-20,17322.36,49,11371,41,0,20,12,4,51,0,0,0,6595.63,15845.61,38726.86,34493.62,21833.962857142855,35901.06285714285,38886.00203333333
2010-12-21,10694.96,25,7114,21,1,21,12,4,51,0,0,0,17322.36,25226.04,57873.08,49948.31,22044.927142857145,34372.17,38313.6267
2010-12-22,3938.44,13,2554,12,2,22,12,4,51,0,0,0,10694.96,26853.8,53571.2,38727.931,19969.058571428573,31002.304285714286,37005.181699999994
2010-12-23,5648.97,17,3222,15,3,23,12,4,51,0,0,0,3938.44,26845.92,44205.44,32009.38,16695.435714285715,27457.10714285714,35845.532
2011-01-04,11207.58,35,6683,34,1,4,1,1,1,0,0,0,5648.97,33732.48,70646.76,34378.020000000004,13667.300000000001,24703.073571428573,34966.85166666667
2011-01-05,22499.19,46,16287,43,2,5,1,1,1,0,0,0,11207.58,17738.26,59100.04,32216.6,10449.457142857142,20457.417857142857,34194.503666666664
2011-01-06,28312.34,44,18505,44,3,6,1,1,1,0,0,0,22499.19,6595.63,25653.76,29480.63,11129.59,17843.071428571428,33870.59
2011-01-07,18853.65,43,12944,42,4,7,1,1,1,0,0,0,28312.34,17322.36,15845.61,44868.54,14231.977142857142,18032.97,33831.647
2011-01-09,14089.08,48,7722,48,6,9,1,1,1,1,0,0,18853.65,10694.96,25226.04,33053.93,14450.732857142857,18247.829999999998,32964.484000000004
2011-01-10,14589.83,32,9184,31,0,10,1,1,2,0,0,0,14089.08,3938.44,26853.8,49111.32,14935.607142857145,17452.332857142857,32332.32233333333
2011-01-11,17053.3,49,10279,45,1,11,1,1,2,0,0,0,14589.83,5648.97,26845.92,28279.38,16457.234285714287,16576.335,31181.606000000003
2011-01-12,15543.74,42,7711,42,2,12,1,1,2,0,0,0,17053.3,11207.58,33732.48,25689.66,18086.424285714285,15876.862142857144,30807.403333333332
2011-01-13,13735.71,39,7862,39,3,13,1,1,2,0,0,0,15543.74,22499.19,17738.26,46797.59,18705.875714285714,14577.66642857143,30469.206
2011-01-14,18868.66,38,13232,37,4,14,1,1,2,0,0,0,13735.71,28312.34,6595.63,43332.57,17453.95,14291.77,29367.143333333333
2011-01-16,6432.06,24,3556,21,6,16,1,1,2,1,0,0,18868.66,18853.65,17322.36,70719.86,16104.852857142858,15168.414999999999,28551.679666666663
2011-01-17,15439.35,46,8472,45,0,17,1,1,3,0,0,0,6432.06,14089.08,10694.96,70857.84,14330.339999999998,14390.53642857143,26408.753
2011-01-18,9183.95,30,6209,29,1,18,1,1,3,0,0,0,15439.35,14589.83,3938.44,38726.86,14523.235714285713,14729.421428571428,24561.469999999998
2011-01-19,15209.02,33,11198,33,2,19,1,1,3,0,0,0,9183.95,17053.3,5648.97,57873.08,13750.967142857144,15104.100714285714,23576.706333333335
2011-01-20,13543.61,34,7705,30,3,20,1,1,3,0,0,0,15209.02,15543.74,11207.58,53571.2,13487.498571428572,15786.96142857143,22154.571
2011-01-21,20975.2,34,11810,32,4,21,1,1,3,0,0,0,13543.61,13735.71,22499.19,44205.44,13201.765714285715,15953.820714285714,20820.318000000003
2011-01-23,9625.35,27,5159,27,6,23,1,1,3,1,0,0,20975.2,18868.66,28312.34,70646.76,14235.978571428572,15844.964285714286,20045.97666666667
2011-01-24,17400.37,44,9441,43,0,24,1,1,4,0,0,0,9625.35,6432.06,18853.65,59100.04,12915.505714285715,14510.179285714286,18011.929666666667
2011-01-25,21936.02,59,14067,57,1,25,1,1,4,0,0,0,17400.37,15439.35,14089.08,25653.76,14482.407142857144,14406.373571428572,16621.940666666665
2011-01-26,15810.06,50,10041,47,2,26,1,1,4,0,0,0,21936.02,9183.95,14589.83,15845.61,15410.502857142857,14966.869285714285,16498.016
2011-01-27,21686.63,50,10726,50,3,27,1,1,4,0,0,0,15810.06,15209.02,17053.3,25226.04,16357.09,15054.028571428571,16496.831
2011-01-28,15765.1,37,8334,36,4,28,1,1,4,0,0,0,21686.63,13543.61,15543.74,26853.8,17282.462857142855,15384.980714285715,16378.850666666667
2011-01-30,6615.75,24,3431,22,6,30,1,1,4,1,0,0,15765.1,20975.2,13735.71,26845.92,17599.818571428572,15400.792142857143,16009.227333333332
2011-01-31,16707.68,55,10414,48,0,31,1,1,5,0,0,1,6615.75,9625.35,18868.66,33732.48,15548.468571428572,14892.223571428573,15334.888333333332
2011-02-01,24550.1,57,14327,56,1,1,2,1,5,0,1,0,16707.68,17400.37,6432.06,17738.26,16560.23,14737.867857142857,14767.394999999999
2011-02-02,16669.15,56,8699,55,2,2,2,1,5,0,0,0,24550.1,21936.02,15439.35,6595.63,17581.62,16032.013571428572,14994.456333333334
2011-02-03,15833.8,44,9402,43,3,3,2,1,5,0,0,0,16669.15,15810.06,9183.95,17322.36,16829.21,16119.856428571427,15330.240333333331
2011-02-04,14562.49,44,8161,40,4,4,2,1,5,0,0,0,15833.8,21686.63,15209.02,10694.96,16832.601428571426,16594.845714285715,15280.621666666668
2011-02-06,3457.11,11,2048,11,6,6,2,1,5,1,0,0,14562.49,15765.1,13543.61,3938.44,15814.867142857142,16548.665,15409.539333333332
2011-02-07,12067.03,35,6100,33,0,7,2,1,6,0,0,0,3457.11,6615.75,20975.2,5648.97,14056.582857142857,15828.200714285715,15393.494999999999
2011-02-08,11935.07,37,7469,36,1,8,2,1,6,0,0,0,12067.03,16707.68,9625.35,11207.58,14835.337142857143,15191.902857142855,15607.430333333334
2011-02-09,10433.98,23,5761,22,2,9,2,1,6,0,0,0,11935.07,24550.1,17400.37,22499.19,14153.535714285714,15356.882857142857,15631.68
2011-02-10,12313.91,40,7620,39,3,10,2,1,6,0,0,0,10433.98,16669.15,21936.02,28312.34,12136.947142857143,14859.283571428572,15229.506333333333
2011-02-11,10752.44,30,5751,30,4,11,2,1,6,0,0,0,12313.91,15833.8,15810.06,18853.65,11514.770000000002,14171.99,14696.225333333334
2011-02-13,5474.83,20,2732,20,6,13,2,1,6,1,0,0,10752.44,14562.49,21686.63,14089.08,10788.861428571428,13810.731428571427,14426.185
2011-02-14,14079.01,35,8121,35,0,14,2,1,7,0,0,0,5474.83,3457.11,15765.1,14589.83,9490.624285714284,12652.745714285715,14139.043333333333
2011-02-15,22846.86,52,13728,46,1,15,2,1,7,0,0,0,14079.01,12067.03,6615.75,17053.3,11008.038571428571,12532.310714285715,14122.016
2011-02-16,21136.42,60,14488,54,2,16,2,1,7,0,0,0,22846.86,11935.07,16707.68,15543.74,12548.014285714287,13691.675714285713,14315.134666666667
2011-02-17,17369.51,55,12474,50,3,17,2,1,7,0,0,0,21136.42,10433.98,24550.1,13735.71,13862.492857142855,14008.014285714287,14501.557333333332
2011-02-18,12268.5,35,7890,34,4,18,2,1,7,0,0,0,17369.51,12313.91,16669.15,18868.66,14853.282857142856,13495.115,14622.684000000001
2011-02-20,9099.09,26,5305,26,6,20,2,1,7,1,0,0,12268.5,10752.44,15833.8,6432.06,14846.795714285716,13180.782857142856,14402.678666666667
2011-02-21,22666.9,31,15269,30,0,21,2,1,8,0,0,0,9099.09,5474.83,14562.49,15439.35,14610.602857142858,12699.732142857143,14491.579666666667
2011-02-22,24434.28,49,16416,46,1,22,2,1,8,0,0,0,22666.9,14079.01,3457.11,9183.95,17066.61285714286,13278.61857142857,14732.498
2011-02-23,16653.21,49,9662,46,2,23,2,1,8,0,0,0,24434.28,22846.86,12067.03,15209.02,18545.937142857143,14776.987857142858,15240.842333333334
2011-02-24,20950.97,53,11339,52,3,24,2,1,8,0,0,0,16653.21,21136.42,11935.07,13543.61,17661.13,15104.572142857143,15288.981999999998
2011-02-25,16064.61,43,9041,40,4,25,2,1,8,0,0,0,20950.97,17369.51,10433.98,20975.2,17634.63714285714,15748.565,15535.894
2011-02-27,9317.7,33,4726,31,6,27,2,1,8,1,0,0,16064.61,12268.5,12313.91,9625.35,17448.222857142857,16150.752857142856,15372.207666666665
2011-02-28,14597.02,51,8304,49,0,28,2,1,9,0,0,1,9317.7,9099.09,10752.44,17400.37,17026.68,15936.737857142858,15361.952666666668
2011-03-01,19981.97,55,10985,52,1,1,3,1,9,0,1,0,14597.02,22666.9,5474.83,21936.02,17812.09857142857,16211.350714285714,15268.507666666668
2011-03-02,15593.19,39,8329,37,2,2,3,1,9,0,0,0,19981.97,24434.28,14079.01,15810.06,17428.537142857145,17247.575,15203.372666666666
2011-03-03,18706.53,46,14391,45,3,3,3,1,9,0,0,0,15593.19,16653.21,22846.86,21686.63,16165.524285714288,17355.730714285713,15196.143666666667
2011-03-04,13704.79,44,8668,37,4,4,3,1,9,0,0,0,18706.53,20950.97,21136.42,15765.1,16458.855714285713,17059.992857142857,15096.807
2011-03-06,9997.42,26,5048,24,6,6,3,1,9,1,0,0,13704.79,16064.61,17369.51,6615.75,15423.687142857143,16529.16214285714,15028.130000000001
2011-03-07,15152.48,57,8026,48,0,7,3,1,10,0,0,0,9997.42,9317.7,12268.5,16707.68,14556.945714285715,16002.584285714287,15140.852333333334
2011-03-08,20580.76,44,12722,41,1,8,3,1,10,0,0,0,15152.48,14597.02,9099.09,24550.1,15390.485714285716,16208.582857142857,15089.012333333336
2011-03-09,16961.41,50,10100,46,2,9,3,1,10,0,0,0,20580.76,19981.97,22666.9,16669.15,16245.305714285714,17028.702142857142,14956.701
2011-03-10,19100.82,50,13549,45,3,10,3,1,10,0,0,0,16961.41,15593.19,24434.28,15833.8,15813.797142857144,16621.167142857143,14966.443000000001
2011-03-11,14920.24,44,7870,39,4,11,3,1,10,0,0,0,19100.82,18706.53,16653.21,14562.49,16314.887142857142,16240.205714285712,15075.343666666666
2011-03-13,4148.12,16,2749,16,6,13,3,1,10,1,0,0,14920.24,13704.79,20950.97,3457.11,15773.988571428572,16116.422142857144,15087.268666666667
2011-03-14,20064.91,46,12278,39,0,14,3,1,11,0,0,0,4148.12,9997.42,16064.61,12067.03,14408.75,14916.218571428572,15110.302333333333
2011-03-15,13994.83,41,7569,40,1,15,3,1,11,0,0,0,20064.91,15152.48,9317.7,11935.07,15846.962857142857,15201.954285714286,15376.898333333333
2011-03-16,20239.14,48,12009,44,2,16,3,1,11,0,0,0,13994.83,20580.76,14597.02,10433.98,15681.584285714285,15536.035,15445.557
2011-03-17,17289.37,54,11391,49,3,17,3,1,11,0,0,0,20239.14,16961.41,19981.97,12313.91,15632.781428571428,15939.043571428572,15772.395666666667
2011-03-18,18123.07,52,10657,48,4,18,3,1,11,0,0,0,17289.37,19100.82,15593.19,10752.44,15679.632857142857,15746.715,15938.244333333334
2011-03-20,16824.8,57,9698,56,6,20,3,1,11,1,0,0,18123.07,14920.24,18706.53,5474.83,15539.954285714286,15927.420714285716,16183.932
2011-03-21,15451.05,47,8976,46,0,21,3,1,12,0,0,0,16824.8,4148.12,13704.79,14079.01,15812.034285714284,15793.011428571428,16562.264333333333
2011-03-22,17740.21,41,12087,40,1,22,3,1,12,0,0,0,15451.05,20064.91,9997.42,22846.86,17426.73857142857,15917.744285714285,16607.999
2011-03-23,17887.0,58,11833,54,2,23,3,1,12,0,0,0,17740.21,13994.83,15152.48,21136.42,17094.63857142857,16470.800714285713,16437.777333333335
2011-03-24,21936.14,65,12456,61,3,24,3,1,12,0,0,0,17887.0,20239.14,20580.76,17369.51,17650.662857142856,16666.123571428572,16329.463333333335
2011-03-25,16694.55,50,9501,43,4,25,3,1,12,0,0,0,21936.14,17289.37,16961.41,12268.5,17893.091428571428,16762.93642857143,16481.684333333335
2011-03-27,8670.0,31,4473,31,6,27,3,1,12,1,0,0,16694.55,18123.07,19100.82,9099.09,17808.117142857143,16743.875,16629.219333333334
2011-03-28,18235.16,58,11015,52,0,28,3,1,13,0,0,0,8670.0,16824.8,14920.24,22666.9,16457.678571428572,15998.816428571428,16614.916333333334
2011-03-29,26602.31,50,18974,46,1,29,3,1,13,0,0,0,18235.16,15451.05,4148.12,24434.28,16659.158571428572,16235.596428571427,16467.191666666666
2011-03-30,25025.18,64,16119,61,2,30,3,1,13,0,0,0,26602.31,17740.21,20064.91,16653.21,18252.195714285714,17839.467142857142,16539.459333333332
2011-03-31,21466.57,58,12676,56,3,31,3,1,13,0,0,1,25025.18,17887.0,13994.83,20950.97,19292.905714285713,18193.772142857142,16818.525
2011-04-01,18883.7,61,11380,57,4,1,4,2,13,0,1,0,21466.57,21936.14,20239.14,16064.61,19804.272857142856,18727.467857142856,16835.711666666666
2011-04-03,6191.54,19,4635,18,6,3,4,2,13,1,0,0,18883.7,16694.55,17289.37,9317.7,19368.21,18630.65071428571,16929.681333333334
2011-04-04,20046.63,52,11096,48,0,4,4,2,14,0,0,0,6191.54,8670.0,18123.07,14597.02,17867.780000000002,17837.948571428573,16825.476
2011-04-05,19173.37,43,13187,42,1,5,4,2,14,0,0,0,20046.63,18235.16,16824.8,19981.97,19493.012857142858,17975.345714285715,17007.129666666664
2011-04-06,11964.88,37,7609,36,2,6,4,2,14,0,0,0,19173.37,26602.31,15451.05,15593.19,19627.04285714286,18143.100714285716,16980.176333333333
2011-04-07,15240.37,60,9512,56,3,7,4,2,14,0,0,0,11964.88,25025.18,17740.21,18706.53,17535.98142857143,17894.088571428572,16859.232666666667
2011-04-08,19471.85,62,10797,60,4,8,4,2,14,0,0,0,15240.37,21466.57,17887.0,13704.79,16138.151428571427,17715.52857142857,16743.694
2011-04-10,9376.18,32,5508,31,6,10,4,2,14,1,0,0,19471.85,18883.7,21936.14,9997.42,15853.191428571428,17828.73214285714,16935.929333333333
2011-04-11,18719.62,58,12361,53,0,11,4,2,15,0,0,0,9376.18,6191.54,16694.55,15152.48,14494.974285714285,16931.592142857142,16915.221333333335
2011-04-12,22563.02,59,14106,53,1,12,4,2,15,0,0,0,18719.62,20046.63,8670.0,20580.76,16284.699999999999,17076.239999999998,17034.126
2011-04-13,19538.6,57,14131,52,2,13,4,2,15,0,0,0,22563.02,19173.37,18235.16,16961.41,16644.184285714284,18068.59857142857,17100.201333333334
2011-04-14,31855.4,80,16736,73,3,14,4,2,15,0,0,0,19538.6,11964.88,26602.31,19100.82,16696.36,18161.70142857143,17186.107666666667
2011-04-15,16812.281,41,10964,40,4,15,4,2,15,0,0,0,31855.4,15240.37,25025.18,14920.24,19537.86285714286,18536.922142857144,17611.26033333333
2011-04-17,12367.5,41,7983,38,6,17,4,2,15,1,0,0,16812.281,19471.85,21466.57,4148.12,19762.42157142857,17950.2865,17674.32836666667
2011-04-18,18366.19,59,12799,53,0,18,4,2,16,0,0,0,12367.5,9376.18,18883.7,20064.91,18747.514428571427,17300.35292857143,17948.3077
2011-04-19,17633.84,52,12401,51,1,19,4,2,16,0,0,0,18366.19,18719.62,6191.54,13994.83,20031.801571428572,17263.38792857143,17891.6837
2011-04-20,18073.85,61,10798,57,2,20,4,2,16,0,0,0,17633.84,22563.02,20046.63,20239.14,19876.690142857144,18080.69507142857,18012.98403333333
2011-04-21,25343.39,69,15005,62,3,21,4,2,16,0,0,0,18073.85,19538.6,19173.37,17289.37,19235.380142857142,17939.782214285715,17940.8077
2011-04-26,18214.41,57,11684,53,1,26,4,2,17,0,0,0,25343.39,31855.4,11964.88,18123.07,20064.635857142857,18380.49792857143,18209.27503333333
2011-04-27,18448.28,58,14149,53,2,27,4,2,17,0,0,0,18214.41,16812.281,15240.37,16824.8,18115.923,18826.89292857143,18212.3197
2011-04-28,20088.29,54,13116,49,3,28,4,2,17,0,0,0,18448.28,12367.5,19471.85,15451.05,18349.63714285714,19056.029357142856,18266.435699999998
2011-05-01,6973.66,18,3819,18,6,1,5,2,17,1,1,0,20088.29,18366.19,9376.18,17740.21,19452.60714285714,19100.060785714282,18421.010366666666
2011-05-03,17131.94,56,9296,48,1,3,5,2,18,0,0,0,6973.66,17633.84,18719.62,17887.0,17825.102857142858,18928.452214285713,18062.125366666663
2011-05-04,22810.88,60,15871,54,2,4,5,2,18,0,0,0,17131.94,18073.85,22563.02,21936.14,17753.402857142857,18815.0465,18036.9567
2011-05-05,21885.79,82,14549,76,3,5,5,2,18,0,0,0,22810.88,25343.39,19538.6,16694.55,18430.12142857143,18832.750785714285,18066.1147
2011-05-06,24100.7,73,14727,61,4,6,5,2,18,0,0,0,21885.79,18214.41,31855.4,8670.0,17936.178571428572,19000.407214285715,18239.156033333336
2011-05-08,18244.9,63,10552,58,6,8,5,2,18,1,0,0,24100.7,18448.28,16812.281,18235.16,18777.077142857142,18446.500071428574,18753.512700000003
2011-05-09,17760.61,58,10550,56,0,9,5,2,19,0,0,0,18244.9,20088.29,12367.5,26602.31,18748.022857142856,18548.829999999998,18753.837366666667
2011-05-10,26854.74,67,15523,60,1,10,5,2,19,0,0,0,17760.61,6973.66,18366.19,25025.18,18415.49714285714,18934.05214285714,18459.11403333333
2011-05-11,28013.94,71,15797,55,2,11,5,2,19,0,0,0,26854.74,17131.94,17633.84,21466.57,21255.65142857143,19540.37714285714,18520.09936666667
2011-05-12,42005.96,79,27983,66,3,12,5,2,19,0,0,0,28013.94,22810.88,18073.85,18883.7,22810.222857142857,20281.812857142857,18738.34503333333
2011-05-13,23276.33,66,12324,51,4,13,5,2,19,0,0,0,42005.96,21885.79,25343.39,6191.54,25552.377142857145,21991.249285714286,19509.087033333333
2011-05-15,9680.05,30,4771,29,6,15,5,2,19,1,0,0,23276.33,24100.7,18214.41,20046.63,25751.02571428571,21843.602142857144,20078.58003333333
2011-05-16,25442.04,62,13020,51,0,16,5,2,20,0,0,0,9680.05,18244.9,18448.28,19173.37,23690.932857142856,21234.005,19733.027366666665
2011-05-17,27456.45,67,17013,54,1,17,5,2,20,0,0,0,25442.04,17760.61,20088.29,11964.88,24719.09571428571,21733.559285714287,19941.98303333333
2011-05-18,28171.77,71,15723,62,2,18,5,2,20,0,0,0,27456.45,26854.74,6973.66,15240.37,26104.215714285714,22259.85642857143,20458.3687
2011-05-19,30412.41,91,16090,81,3,19,5,2,20,0,0,0,28171.77,28013.94,17131.94,19471.85,26292.36285714286,23774.007142857143,20889.415366666668
2011-05-20,20727.72,68,12323,58,4,20,5,2,20,0,0,0,30412.41,42005.96,22810.88,9376.18,26635.00142857143,24722.612142857142,21254.1007
2011-05-22,21733.59,60,12449,56,6,22,5,2,20,1,0,0,20727.72,23276.33,21885.79,18719.62,23595.252857142856,24573.815,21632.48536666667
2011-05-23,21832.73,58,12355,51,0,23,5,2,21,0,0,0,21733.59,9680.05,24100.7,22563.02,23374.86142857143,24562.943571428572,21732.951033333335
2011-05-24,18972.66,59,9652,52,1,24,5,2,21,0,0,0,21832.73,25442.04,18244.9,19538.6,25110.958571428575,24400.945714285714,21708.608033333334
2011-05-25,18166.43,59,10499,51,2,25,5,2,21,0,0,0,18972.66,27456.45,17760.61,31855.4,24186.76142857143,24452.928571428576,21689.743366666666
2011-05-26,18683.82,59,10445,49,3,26,5,2,21,0,0,0,18166.43,28171.77,26854.74,16812.281,22859.615714285716,24481.915714285715,21233.444366666667
2011-05-27,16587.420000000002,53,9657,46,4,27,5,2,21,0,0,0,18683.82,30412.41,28013.94,12367.5,21504.19428571429,23898.278571428575,21295.829
2011-05-29,6278.3,24,3884,20,6,29,5,2,21,1,0,0,16587.420000000002,20727.72,42005.96,18366.19,19529.195714285714,23082.09857142857,21436.493
2011-05-31,14499.33,46,7955,45,1,31,5,2,22,0,0,1,6278.3,21733.59,23276.33,17633.84,17464.992857142857,20530.12285714286,21033.563333333335
2011-06-01,11614.29,36,7848,34,2,1,6,2,22,0,1,0,14499.33,21832.73,9680.05,18073.85,16431.527142857143,19903.19428571429,20929.07966666667
2011-06-02,23784.11,41,12394,33,3,2,6,2,22,0,0,0,11614.29,18972.66,25442.04,25343.39,14971.75,20041.354285714286,20713.761
2011-06-03,12330.02,38,6432,35,4,3,6,2,22,0,0,0,23784.11,18166.43,27456.45,18214.41,15659.100000000002,19922.93071428571,20661.784999999996
2011-06-05,23657.98,67,12729,62,6,5,6,2,22,1,0,0,12330.02,18683.82,28171.77,18448.28,14825.327142857144,18842.471428571433,20465.63866666667
2011-06-06,16290.98,56,9142,54,0,6,6,2,23,0,0,0,23657.98,16587.420000000002,30412.41,20088.29,15535.92142857143,18520.057857142856,20639.29533333333
2011-06-07,21513.22,70,14508,67,1,7,6,2,23,0,0,0,16290.98,6278.3,20727.72,6973.66,15493.572857142857,17511.384285714284,20512.71833333333
2011-06-08,28726.63,82,17975,71,2,8,6,2,23,0,0,0,21513.22,14499.33,21733.59,17131.94,17669.99,17567.49142857143,20997.370333333336
2011-06-09,25539.58,81,22878,75,3,9,6,2,23,0,0,0,28726.63,11614.29,21832.73,22810.88,19702.46142857143,18066.994285714285,21383.86
2011-06-10,16034.42,41,9156,40,4,10,6,2,23,0,0,0,25539.58,23784.11,18972.66,21885.79,21691.78857142857,18331.769285714287,21474.816666666666
2011-06-12,11341.96,38,7913,38,6,12,6,2,23,1,0,0,16034.42,12330.02,18166.43,24100.7,20584.69,18121.895,21279.771
2011-06-13,17911.91,52,10040,49,0,13,6,2,24,0,0,0,11341.96,23657.98,18683.82,18244.9,20443.538571428573,17634.43285714286,20854.479666666666
2011-06-14,15948.05,48,8842,40,1,14,6,2,24,0,0,0,17911.91,16290.98,16587.420000000002,17760.61,19622.67142857143,17579.29642857143,20843.38
2011-06-15,29340.6,49,23216,42,2,15,6,2,24,0,0,0,15948.05,21513.22,6278.3,26854.74,19573.681428571428,17533.62714285714,20782.961333333333
2011-06-16,23772.01,80,14673,73,3,16,6,2,24,0,0,0,29340.6,28726.63,14499.33,28013.94,20691.87857142857,19180.934285714287,20865.82333333333
2011-06-17,16284.09,44,9207,34,4,17,6,2,24,0,0,0,23772.01,25539.58,11614.29,42005.96,19984.075714285715,19843.268571428573,20724.425666666666
2011-06-19,20131.7,59,13911,56,6,19,6,2,24,1,0,0,16284.09,16034.42,23784.11,23276.33,18661.862857142856,20176.825714285715,19867.030000000002
2011-06-20,20059.23,55,12225,46,0,20,6,2,25,0,0,0,20131.7,11341.96,12330.02,9680.05,19247.18857142857,19915.93928571429,19762.209
2011-06-21,18211.4,48,12081,45,1,21,6,2,25,0,0,0,20059.23,17911.91,23657.98,25442.04,20492.512857142858,20468.02571428571,20108.181666666664
2011-06-22,17683.74,56,12636,54,2,22,6,2,25,0,0,0,18211.4,15948.05,16290.98,27456.45,20535.29714285714,20078.984285714283,19867.160333333337
2011-06-23,22094.91,69,13740,64,3,23,6,2,25,0,0,0,17683.74,29340.6,21513.22,28171.77,20783.252857142856,20178.467142857146,19541.403333333332
2011-06-24,15268.21,45,8961,40,4,24,6,2,25,0,0,0,22094.91,23772.01,28726.63,30412.41,19748.15428571429,20220.016428571427,19338.841333333334
2011-06-26,7082.49,26,3786,24,6,26,6,2,25,1,0,0,15268.21,16284.09,25539.58,20727.72,18533.325714285715,19258.700714285715,18834.034666666666
2011-06-27,11850.48,34,8535,30,0,27,6,2,26,0,0,0,7082.49,20131.7,16034.42,21733.59,17218.81142857143,17940.337142857144,18379.193666666666
2011-06-28,20563.53,43,15025,36,1,28,6,2,26,0,0,0,11850.48,20059.23,11341.96,21832.73,16035.78,17641.484285714287,18049.756666666664
2011-06-29,11024.67,38,6881,36,2,29,6,2,26,0,0,0,20563.53,18211.4,17911.91,18972.66,16107.822857142859,18300.167857142857,18007.45
2011-06-30,21034.66,61,11576,55,3,30,6,2,26,0,0,1,11024.67,17683.74,15948.05,18166.43,15081.147142857142,17808.222142857143,17742.517
2011-07-01,11316.11,42,7364,35,4,1,7,3,26,0,1,0,21034.66,22094.91,29340.6,18683.82,15559.850000000002,18171.551428571427,17838.124666666667
2011-07-03,5782.39,25,3115,24,6,3,7,3,26,1,0,0,11316.11,15268.21,23772.01,16587.420000000002,14020.021428571428,16884.087857142855,17592.534333333333
2011-07-04,12737.39,33,8027,29,0,4,7,3,27,0,0,0,5782.39,7082.49,16284.09,6278.3,12664.904285714287,15599.115000000002,17232.366666666665
2011-07-05,20968.06,63,13998,57,1,5,7,3,27,0,0,0,12737.39,11850.48,20131.7,14499.33,13472.747142857144,15345.779285714287,17447.66966666667
2011-07-06,19789.2,65,14932,60,2,6,7,3,27,0,0,0,20968.06,20563.53,20059.23,11614.29,14775.25857142857,15405.519285714285,17663.293999999998
2011-07-07,22890.86,72,14326,66,3,7,7,3,27,0,0,0,19789.2,11024.67,18211.4,23784.11,14664.64,15386.231428571427,17935.791
2011-07-08,14637.8,45,8927,41,4,8,7,3,27,0,0,0,22890.86,21034.66,17683.74,12330.02,16359.81,15720.478571428572,17906.016
2011-07-10,5993.87,24,4255,20,6,10,7,3,27,1,0,0,14637.8,11316.11,22094.91,23657.98,15445.972857142859,15502.91142857143,17982.942
2011-07-11,17957.87,48,12819,43,0,11,7,3,28,0,0,0,5993.87,5782.39,15268.21,16290.98,14685.652857142859,14352.837142857143,17394.138333333332
2011-07-12,13511.13,44,9907,41,1,12,7,3,28,0,0,0,17957.87,12737.39,7082.49,21513.22,16425.007142857143,14544.955714285714,17449.701333333334
2011-07-13,17080.85,56,13268,50,2,13,7,3,28,0,0,0,13511.13,20968.06,11850.48,28726.63,16535.54142857143,15004.144285714285,17182.965
2011-07-14,23787.21,67,14904,60,3,14,7,3,28,0,0,0,17080.85,19789.2,20563.53,25539.58,15980.225714285712,15377.742142857143,16794.772333333334
2011-07-15,10740.3,35,6184,32,4,15,7,3,28,0,0,0,23787.21,22890.86,11024.67,16034.42,16551.37,15608.005000000001,16736.36
2011-07-17,15454.4,50,10535,45,6,17,7,3,28,1,0,0,10740.3,14637.8,21034.66,11341.96,14815.575714285715,15587.692857142856,16559.889333333333
2011-07-18,20428.62,45,12493,44,0,18,7,3,29,0,0,0,15454.4,5993.87,11316.11,17911.91,14932.232857142855,15189.102857142858,16696.970666666668
2011-07-19,34740.72,60,23705,56,1,19,7,3,29,0,0,0,20428.62,17957.87,5782.39,15948.05,16994.34,15839.996428571429,16780.861
2011-07-20,20070.7,51,13302,45,2,20,7,3,29,0,0,0,34740.72,13511.13,12737.39,29340.6,19391.890000000003,17908.448571428573,17407.283333333333
2011-07-21,24782.08,66,17810,56,3,21,7,3,29,0,0,0,20070.7,17080.85,20968.06,23772.01,20328.971428571425,18432.25642857143,17098.286666666667
2011-07-22,13042.43,36,8043,33,4,22,7,3,29,0,0,0,24782.08,23787.21,19789.2,16284.09,21429.147142857142,18704.68642857143,17131.955666666665
2011-07-24,19634.96,56,14462,52,6,24,7,3,29,1,0,0,13042.43,10740.3,22890.86,20131.7,19894.178571428572,18222.774285714284,17023.900333333335
2011-07-25,18790.53,52,13666,48,0,25,7,3,30,0,0,0,19634.96,15454.4,14637.8,20059.23,21164.844285714287,17990.21,17007.342333333334
2011-07-26,16243.481,46,11387,44,1,26,7,3,30,0,0,0,18790.53,20428.62,5993.87,18211.4,21641.434285714287,18286.83357142857,16965.052333333333
2011-07-27,18966.32,43,11864,38,2,27,7,3,30,0,0,0,16243.481,34740.72,17957.87,17683.74,21043.557285714287,19018.948642857144,16899.455033333335
2011-07-28,27530.86,73,19498,65,3,28,7,3,30,0,0,0,18966.32,20070.7,13511.13,22094.91,18790.071571428572,19090.980785714288,16942.207700000003
2011-07-29,16808.61,61,10619,56,4,29,7,3,30,0,0,0,27530.86,24782.08,17080.85,15268.21,19855.808714285715,20092.390071428574,17123.406033333333
2011-07-31,17289.83,41,12794,37,6,31,7,3,30,1,0,1,16808.61,13042.43,23787.21,7082.49,18716.74157142857,20072.94435714286,17174.7527
2011-08-01,17003.8,37,9831,33,0,1,8,3,31,0,1,0,17289.83,19634.96,10740.3,11850.48,19323.513000000003,19608.845785714286,17514.997366666666
2011-08-02,17363.95,39,12288,37,1,2,8,3,31,0,0,0,17003.8,18790.53,15454.4,20563.53,18947.632999999998,20056.238642857144,17686.774699999998
2011-08-03,23487.51,61,14705,58,2,3,8,3,31,0,0,0,17363.95,16243.481,20428.62,11024.67,18743.835857142858,20192.635071428573,17580.122033333333
2011-08-04,36090.51,75,24291,73,3,4,8,3,31,0,0,0,23487.51,18966.32,34740.72,21034.66,19778.697142857145,20411.127214285716,17995.550033333337
2011-08-05,18322.54,50,11353,47,4,5,8,3,31,0,0,0,36090.51,27530.86,20070.7,11316.11,22225.010000000002,20507.540785714285,18497.4117
2011-08-07,7344.96,29,5025,28,6,7,8,3,31,1,0,0,18322.54,16808.61,24782.08,5782.39,20909.535714285714,20382.67221428571,18730.959366666666
2011-08-08,17086.72,37,10643,37,0,8,8,3,32,0,0,0,7344.96,17289.83,13042.43,12737.39,19557.585714285717,19137.163642857144,18783.045033333336
2011-08-09,19496.14,39,12975,37,1,9,8,3,32,0,0,0,17086.72,17003.8,19634.96,20968.06,19528.57,19426.0415,18928.022699999998
2011-08-10,16255.26,42,10260,41,2,10,8,3,32,0,0,0,19496.14,17363.95,18790.53,19789.2,19884.618571428575,19416.125785714285,18878.958700000003
2011-08-11,32373.83,63,24811,57,3,11,8,3,32,0,0,0,16255.26,23487.51,16243.481,22890.86,19726.234285714287,19235.035071428574,18761.1607
2011-08-12,14459.57,44,8919,39,4,12,8,3,32,0,0,0,32373.83,36090.51,18966.32,14637.8,20995.70857142857,20387.20285714286,19077.2597
2011-08-14,5718.57,25,3180,21,6,14,8,3,32,1,0,0,14459.57,18322.54,27530.86,5993.87,17905.574285714287,20065.292142857146,19071.318700000003
2011-08-15,16647.42,48,10132,46,0,15,8,3,33,0,0,0,5718.57,7344.96,16808.61,17957.87,16105.007142857145,18507.27142857143,19062.14203333333
2011-08-16,15827.84,50,10274,44,1,16,8,3,33,0,0,0,16647.42,17086.72,17289.83,13511.13,17433.93,18495.757857142857,19018.460366666666
2011-08-17,25572.14,48,14478,44,2,17,8,3,33,0,0,0,15827.84,19496.14,17003.8,17080.85,17254.09,18391.329999999998,19095.684033333335
2011-08-18,34004.13,65,22737,63,3,18,8,3,33,0,0,0,25572.14,16255.26,17363.95,23787.21,18122.09,19003.354285714286,19378.727033333333
2011-08-19,15647.59,54,10239,53,4,19,8,3,33,0,0,0,34004.13,32373.83,23487.51,10740.3,20657.64285714286,20191.93857142857,19719.291033333335
2011-08-21,12776.84,36,7163,34,6,21,8,3,33,1,0,0,15647.59,14459.57,36090.51,15454.4,18268.179999999997,19631.94428571429,19882.867366666665
2011-08-22,22710.78,61,13661,56,0,22,8,3,34,0,0,0,12776.84,5718.57,18322.54,20428.62,18027.79,17966.682142857142,19793.61536666667
2011-08-23,20572.31,59,12275,55,1,23,8,3,34,0,0,0,22710.78,16647.42,7344.96,34740.72,20455.24857142857,18280.127857142856,19869.68736666667
2011-08-24,26549.84,69,19884,58,2,24,8,3,34,0,0,0,20572.31,15827.84,17086.72,20070.7,21015.947142857145,19224.93857142857,19397.407033333333
2011-08-25,20820.99,71,12669,67,3,25,8,3,34,0,0,0,26549.84,25572.14,19496.14,24782.08,22547.661428571428,19900.875714285714,19613.378366666668
2011-08-26,18352.16,41,13112,39,4,26,8,3,34,0,0,0,20820.99,34004.13,16255.26,13042.43,21868.925714285713,19995.507857142857,19481.342033333334
2011-08-28,10322.63,36,6630,35,6,28,8,3,34,1,0,0,18352.16,15647.59,32373.83,19634.96,19632.93,20145.286428571424,19658.333033333336
2011-08-30,7673.91,21,3635,21,1,30,8,3,35,0,0,0,10322.63,12776.84,14459.57,18790.53,18872.221428571433,18570.200714285715,19347.922033333336
2011-08-31,17667.96,40,9609,37,2,31,8,3,35,0,0,1,7673.91,22710.78,5718.57,16243.481,18143.23142857143,18085.510714285712,18977.368033333332
2011-09-01,30033.13,73,21523,67,3,1,9,3,35,0,1,0,17667.96,20572.31,16647.42,18966.32,17422.82857142857,18939.03857142857,19024.85066666667
2011-09-02,18610.89,58,10356,53,4,2,9,3,35,0,0,0,30033.13,26549.84,15827.84,27530.86,18774.374285714286,19895.160714285714,19393.744333333336
2011-09-04,16357.75,49,9873,45,6,4,9,3,35,1,0,0,18610.89,20820.99,25572.14,16808.61,17640.23857142857,20093.950000000004,19096.412000000004
2011-09-05,27293.54,65,19363,55,0,5,9,3,36,0,0,0,16357.75,18352.16,34004.13,17289.83,17002.632857142857,19435.77928571429,19081.383333333335
2011-09-06,24781.52,61,14381,54,1,6,9,3,36,0,0,0,27293.54,10322.63,15647.59,17003.8,18279.972857142857,18956.45142857143,19414.840333333334
2011-09-07,21195.58,45,13083,41,2,7,9,3,36,0,0,0,24781.52,7673.91,12776.84,17363.95,20345.528571428575,19608.875,19674.097666666665
2011-09-08,21770.66,70,13709,61,3,8,9,3,36,0,0,0,21195.58,17667.96,22710.78,23487.51,22277.195714285714,20210.213571428572,19801.818666666666
2011-09-09,24485.87,58,14776,52,4,9,9,3,36,0,0,0,21770.66,30033.13,20572.31,36090.51,22863.295714285716,20143.062142857143,19744.590333333334
2011-09-11,31497.73,75,19980,68,6,11,9,3,36,1,0,0,24485.87,18610.89,26549.84,18322.54,22070.829999999998,20422.602142857144,19357.768999999997
2011-09-12,27241.8,67,16174,62,0,12,9,3,37,0,0,0,31497.73,16357.75,20820.99,7344.96,23911.807142857142,20776.022857142856,19796.942
2011-09-13,35566.83,61,23977,59,1,13,9,3,37,0,0,0,27241.8,27293.54,18352.16,17086.72,25466.671428571426,21234.652142857143,20460.17
2011-09-14,20523.99,64,12706,57,2,14,9,3,37,0,0,0,35566.83,24781.52,10322.63,19496.14,26648.570000000003,22464.271428571432,21076.173666666666
2011-09-15,37168.53,73,20090,68,3,15,9,3,37,0,0,0,20523.99,21195.58,7673.91,16255.26,26040.351428571426,23192.940000000002,21110.43533333333
2011-09-16,23016.48,46,14076,44,4,16,9,3,37,0,0,0,37168.53,21770.66,17667.96,32373.83,28322.20142857143,25299.69857142857,21807.54433333333
2011-09-18,15128.93,27,8690,25,6,18,9,3,37,1,0,0,23016.48,24485.87,30033.13,14459.57,28500.175714285717,25681.735714285718,21495.632666666665
2011-09-19,37094.1,68,22968,62,0,19,9,3,38,0,0,0,15128.93,31497.73,18610.89,5718.57,27163.47,24617.15,21517.944666666666
2011-09-20,28434.41,62,15668,53,1,20,9,3,38,0,0,0,37094.1,27241.8,16357.75,16647.42,27962.951428571425,25937.379285714287,22563.795666666665
2011-09-21,31963.31,67,17598,65,2,21,9,3,38,0,0,0,28434.41,35566.83,27293.54,15827.84,28133.324285714283,26799.997857142855,22956.695333333333
2011-09-22,47956.78,109,30868,94,3,22,9,3,38,0,0,0,31963.31,20523.99,24781.52,25572.14,27618.535714285714,27133.552857142855,23494.54433333333
2011-09-23,29489.82,58,18590,56,4,23,9,3,38,0,0,0,47956.78,37168.53,21195.58,34004.13,31537.50571428571,28788.928571428572,24240.699
2011-09-25,30928.661,75,19264,74,6,25,9,3,38,1,0,0,29489.82,23016.48,21770.66,15647.59,30440.54714285714,29381.374285714286,24090.221999999998
2011-09-26,24754.561,64,14217,61,0,26,9,3,39,0,0,0,30928.661,15128.93,24485.87,12776.84,31570.858714285714,30035.517214285715,24599.591033333334
2011-09-27,25380.6,74,18597,66,1,27,9,3,39,0,0,0,24754.561,37094.1,31497.73,22710.78,32945.94885714286,30054.70942857143,24998.848400000003
2011-09-28,32723.39,78,21921,71,2,28,9,3,39,0,0,0,25380.6,28434.41,27241.8,20572.31,31272.591714285718,29617.77157142857,25087.8424
2011-09-29,41820.29,102,26158,92,3,29,9,3,39,0,0,0,32723.39,31963.31,35566.83,26549.84,31885.303142857145,30009.313714285712,25492.878399999998
2011-09-30,26640.88,64,16754,57,4,30,9,3,39,0,0,1,41820.29,47956.78,20523.99,20820.99,33293.44314285714,30455.989428571425,26001.8934
2011-10-02,11131.15,34,8291,32,6,2,10,4,39,1,0,0,26640.88,29489.82,37168.53,18352.16,30248.31457142857,30892.91014285714,26195.889733333333
2011-10-03,29648.07,57,15216,45,0,3,10,4,40,0,0,0,11131.15,30928.661,23016.48,10322.63,27625.64742857143,29033.097285714288,25955.189399999996
2011-10-04,30725.04,69,18346,62,1,4,10,4,40,0,0,0,29648.07,24754.561,15128.93,7673.91,27442.705857142857,29506.782285714286,26599.370733333333
2011-10-05,45684.87,91,31301,81,2,5,10,4,40,0,0,0,30725.04,25380.6,37094.1,17667.96,28295.631428571425,30620.790142857142,27367.741733333336
2011-10-06,43210.14,116,25753,98,3,6,10,4,40,0,0,0,45684.87,32723.39,28434.41,30033.13,31196.24142857143,31234.41657142857,28301.638733333333
2011-10-07,34806.590000000004,83,21858,74,4,7,10,4,40,0,0,0,43210.14,41820.29,31963.31,18610.89,32694.34857142857,32289.82585714286,28740.872399999997
2011-10-09,11029.31,38,7165,35,6,9,10,4,40,1,0,0,34806.590000000004,26640.88,47956.78,16357.75,31692.391428571427,32492.91728571428,29280.729066666667
2011-10-10,37212.43,87,23197,80,0,10,10,4,41,0,0,0,11029.31,11131.15,29489.82,27293.54,29462.167142857146,29855.24085714286,29103.1144
2011-10-11,34482.37,77,20561,69,1,11,10,4,41,0,0,0,37212.43,29648.07,30928.661,24781.52,33188.06428571429,30406.85585714286,29433.74406666667
2011-10-12,27411.37,82,16190,73,2,12,10,4,41,0,0,0,34482.37,30725.04,24754.561,21195.58,33878.67857142857,30660.692214285715,29757.105733333334
2011-10-13,30464.18,74,16871,67,3,13,10,4,41,0,0,0,27411.37,45684.87,25380.6,21770.66,33405.29714285715,30850.464285714286,29964.298733333337
2011-10-14,28166.44,68,16200,61,4,14,10,4,41,0,0,0,30464.18,43210.14,32723.39,24485.87,31230.912857142856,31213.577142857142,30254.082733333333
2011-10-16,19510.94,33,7768,31,6,16,10,4,41,1,0,0,28166.44,34806.590000000004,41820.29,31497.73,29081.812857142857,30888.080714285716,30376.7684
2011-10-17,37337.3,81,24924,73,0,17,10,4,42,0,0,0,19510.94,11029.31,26640.88,27241.8,26896.719999999998,29294.555714285718,29977.208733333333
2011-10-18,33907.41,74,25311,71,1,18,10,4,42,0,0,0,37337.3,37212.43,11131.15,35566.83,30655.00428571428,30058.585714285717,30313.7254
2011-10-19,29020.9,76,17552,70,2,19,10,4,42,0,0,0,33907.41,34482.37,29648.07,20523.99,30182.858571428573,31685.461428571427,30258.4114
2011-10-20,44085.08,84,31479,75,3,20,10,4,42,0,0,0,29020.9,27411.37,30725.04,37168.53,29402.648571428574,31640.66357142857,30541.641733333337
2011-10-21,24698.64,61,15522,56,4,21,10,4,42,0,0,0,44085.08,30464.18,45684.87,23016.48,31784.60714285714,32594.952142857142,30772.1934
2011-10-23,12339.16,42,7073,39,6,23,10,4,42,1,0,0,24698.64,28166.44,43210.14,15128.93,30960.958571428575,31095.935714285715,30828.2654
2011-10-24,28874.56,68,18991,57,0,24,10,4,43,0,0,0,12339.16,19510.94,34806.590000000004,37094.1,28699.918571428574,28890.865714285716,30735.27306666667
2011-10-25,31695.95,70,23255,63,1,25,10,4,43,0,0,0,28874.56,37337.3,11029.31,28434.41,30037.578571428574,28467.149285714288,30461.2884
2011-10-26,26470.82,87,16338,75,2,26,10,4,43,0,0,0,31695.95,33907.41,37212.43,31963.31,29231.671428571426,29943.337857142855,30570.0064
2011-10-27,38257.26,101,22955,90,3,27,10,4,43,0,0,0,26470.82,29020.9,34482.37,47956.78,28169.301428571427,29176.079999999998,30386.923400000003
2011-10-28,26550.61,64,17581,59,4,28,10,4,43,0,0,0,38257.26,44085.08,27411.37,29489.82,29488.78142857143,29445.715,30063.606066666667
2011-10-30,34028.43,96,20034,88,6,30,10,4,43,1,0,0,26550.61,24698.64,30464.18,30928.661,26983.85714285714,29384.23214285714,29965.632400000002
2011-10-31,29055.83,63,14304,61,0,31,10,4,44,0,0,1,34028.43,12339.16,28166.44,24754.561,28316.684285714287,29638.821428571428,30068.958033333336
2011-11-01,26864.57,76,15401,74,1,1,11,4,44,0,1,0,29055.83,28874.56,19510.94,25380.6,30704.78,29702.34928571429,30212.333666666666
2011-11-02,32318.56,79,20605,76,2,2,11,4,44,0,0,0,26864.57,31695.95,37337.3,32723.39,30417.63857142857,30227.608571428573,30261.799333333332
2011-11-03,32757.03,96,21316,83,3,3,11,4,44,0,0,0,32318.56,26470.82,33907.41,41820.29,30506.58285714286,29869.127142857145,30248.305
2011-11-04,37953.86,84,25044,71,4,4,11,4,44,0,0,0,32757.03,38257.26,29020.9,26640.88,31404.61285714286,29786.95714285714,29946.196333333333
2011-11-06,42046.38,99,22897,87,6,6,11,4,44,1,0,0,37953.86,26550.61,44085.08,11131.15,31361.27,30425.02571428571,30323.295666666665
2011-11-07,26925.24,88,15807,79,0,7,11,4,45,0,0,0,42046.38,34028.43,24698.64,29648.07,33574.95142857143,30279.404285714285,31353.803333333337
2011-11-08,36562.32,99,21070,95,1,8,11,4,45,0,0,0,26925.24,29055.83,12339.16,30725.04,32560.21,30438.447142857145,31263.042333333335
2011-11-09,44766.38,113,27480,96,2,9,11,4,45,0,0,0,36562.32,26864.57,28874.56,45684.87,33632.565714285716,32168.67285714286,31457.618333333332
2011-11-10,56228.99,124,32436,111,3,10,11,4,45,0,0,0,44766.38,32318.56,31695.95,43210.14,36189.96714285714,33303.80285714286,31427.001999999997
2011-11-11,35564.090000000004,92,23315,86,4,11,11,4,45,0,0,0,56228.99,32757.03,26470.82,34806.590000000004,39605.74285714286,35056.16285714286,31860.963666666667
2011-11-13,27794.9,83,19212,75,6,13,11,4,45,1,0,0,35564.090000000004,37953.86,38257.26,11029.31,40006.75142857143,35705.68214285714,31886.213666666667
2011-11-14,46094.57,104,27782,93,0,14,11,4,46,0,0,0,27794.9,42046.38,26550.61,37212.43,38555.471428571436,34958.37071428572,32445.066666666666
2011-11-15,36109.52,101,21111,92,1,15,11,4,46,0,0,0,46094.57,26925.24,34028.43,34482.37,39133.78428571428,36354.36785714286,32741.138
2011-11-16,43167.24,121,27186,108,2,16,11,4,46,0,0,0,36109.52,36562.32,29055.83,27411.37,40445.82428571429,36503.01714285714,32795.37633333333
2011-11-17,49100.12,135,28159,124,3,17,11,4,46,0,0,0,43167.24,44766.38,26864.57,30464.18,41389.38428571429,37510.975,33320.572
2011-11-18,33282.49,101,19009,96,4,18,11,4,46,0,0,0,49100.12,56228.99,32318.56,28166.44,42008.49,39099.22857142857,33941.770000000004
2011-11-20,29269.56,98,18261,91,6,20,11,4,46,1,0,0,33282.49,35564.090000000004,32757.03,19510.94,38730.41857142857,39168.080714285716,34112.305
2011-11-21,33468.97,94,21624,83,0,21,11,4,47,0,0,0,29269.56,27794.9,37953.86,37337.3,37831.2,38918.97571428572,34437.592333333334
2011-11-22,40025.91,123,24947,114,1,22,11,4,47,0,0,0,33468.97,46094.57,42046.38,33907.41,38641.78142857143,38598.62642857143,34308.648
2011-11-23,57517.62,127,32512,106,2,23,11,4,47,0,0,0,40025.91,36109.52,26925.24,29020.9,37774.83,38454.30714285715,34512.598
2011-11-24,35716.51,109,22123,98,3,24,11,4,47,0,0,0,57517.62,43167.24,36562.32,44085.08,40833.130000000005,40639.47714285714,35462.488666666664
2011-11-25,23118.96,72,12990,68,4,25,11,4,47,0,0,0,35716.51,49100.12,44766.38,24698.64,39768.740000000005,40579.06214285714,35183.53633333334
2011-11-27,16957.28,56,10345,51,6,27,11,4,47,1,0,0,23118.96,33282.49,56228.99,12339.16,36057.14571428572,39032.817857142865,35130.88033333333
2011-11-28,41348.22,106,23694,94,0,28,11,4,48,0,0,0,16957.28,29269.56,35564.090000000004,28874.56,33724.97285714286,36227.69571428572,35284.81766666667
2011-11-29,37362.76,122,21187,106,1,29,11,4,48,0,0,0,41348.22,33468.97,27794.9,31695.95,35450.49571428572,36640.84785714286,35700.60633333333
2011-11-30,40024.91,98,24006,91,2,30,11,4,48,0,0,1,37362.76,40025.91,46094.57,26470.82,36006.75142857143,37324.26642857143,35889.5
2011-12-01,39341.49,117,22011,110,3,1,12,4,48,0,1,0,40024.91,57517.62,36109.52,38257.26,36006.60857142857,36890.71928571429,36341.303
2011-12-02,33125.95,106,18725,89,4,2,12,4,48,0,0,0,39341.49,35716.51,43167.24,26550.61,33410.01857142857,37121.57428571429,36377.444
2011-12-04,19635.8,62,11171,58,6,4,12,4,48,1,0,0,33125.95,23118.96,49100.12,34028.43,33039.938571428575,36404.33928571429,36596.621999999996
2011-12-05,48036.63,114,33607,104,0,5,12,4,49,0,0,0,19635.8,16957.28,33282.49,29055.83,32542.344285714287,34299.745,36116.867666666665
2011-12-06,33945.76,106,24553,100,1,6,12,4,49,0,0,0,48036.63,41348.22,29269.56,26864.57,36982.25142857143,35353.61214285714,36749.561
2011-12-07,43775.01,99,30637,91,2,7,12,4,49,0,0,0,33945.76,37362.76,33468.97,32318.56,35924.75714285715,35687.62642857143,36985.600666666665
2011-12-08,33727.87,109,20969,103,3,8,12,4,49,0,0,0,43775.01,40024.91,40025.91,32757.03,36840.79285714286,36423.772142857146,37367.48233333333
2011-12-09,13641.32,38,8952,32,4,9,12,4,49,0,0,0,33727.87,39341.49,57517.62,37953.86,35941.21571428572,35973.912142857145,37399.84366666667
